n, m, fronteraHConstructiva, fronteraBLocal, fronteraGrasp, tiempoHConstructiva, tiempoBLocal, tiempoGrasp
200, 1, 1, 1, 1, 9708, 20497, 1358400
200, 21, 2, 2, 2, 9351, 5460, 1431979
200, 41, 3, 3, 3, 13549, 5732, 1462576
200, 61, 4, 4, 4, 7424, 4213, 1216287
200, 81, 4, 4, 4, 10067, 4749, 1500632
200, 101, 4, 4, 4, 11359, 6813, 1495902
200, 121, 7, 7, 7, 17594, 5394, 2011925
200, 141, 8, 8, 8, 10233, 4817, 1449702
200, 161, 8, 8, 8, 12833, 4322, 1463455
200, 181, 9, 9, 9, 10725, 4266, 1505755
200, 201, 10, 10, 10, 11780, 4680, 1650527
200, 221, 10, 10, 10, 31473, 6775, 2160099
200, 241, 11, 11, 11, 37654, 7886, 2594628
200, 261, 13, 13, 13, 35822, 10841, 2696057
200, 281, 11, 11, 12, 45325, 8028, 4127913
200, 301, 12, 12, 12, 98144, 10583, 3370999
200, 321, 13, 13, 14, 44423, 8880, 3269632
200, 341, 13, 13, 13, 40571, 8504, 2897988
200, 361, 17, 17, 17, 46062, 6668, 3312771
200, 381, 18, 19, 19, 65076, 12273, 4716861
200, 401, 18, 18, 18, 54998, 10313, 3890467
200, 421, 16, 18, 18, 56964, 10094, 3667703
200, 441, 19, 19, 19, 50413, 10952, 3650640
200, 461, 18, 18, 19, 67548, 12822, 4821709
200, 481, 19, 19, 21, 44454, 9733, 4087720
200, 501, 20, 20, 21, 55990, 8681, 4297669
200, 521, 19, 19, 20, 71434, 14725, 5870559
200, 541, 21, 21, 23, 88842, 13650, 6159447
200, 561, 25, 25, 25, 94271, 12927, 6200114
200, 581, 24, 24, 27, 90940, 11544, 5751602
200, 601, 24, 24, 26, 78968, 15533, 5675038
200, 621, 24, 26, 27, 90589, 15213, 7002701
200, 641, 24, 25, 26, 95237, 15163, 5585250
200, 661, 26, 27, 29, 79449, 13967, 5745767
200, 681, 25, 26, 28, 76442, 14150, 6058258
200, 701, 25, 25, 27, 96607, 18024, 6547046
200, 721, 29, 29, 33, 114424, 15763, 7387195
200, 741, 27, 28, 30, 106010, 15873, 7506993
200, 761, 29, 31, 31, 111869, 15596, 7468761
200, 781, 31, 32, 33, 124042, 18624, 9602791
200, 801, 29, 29, 33, 133305, 20658, 9796471
200, 821, 29, 30, 34, 97119, 17776, 8859370
200, 841, 33, 35, 38, 108769, 19217, 8715755
200, 861, 30, 33, 35, 109997, 21141, 9488904
200, 881, 32, 35, 40, 129412, 22315, 10517960
200, 901, 30, 32, 35, 152461, 23923, 10434171
200, 921, 33, 36, 39, 95739, 19702, 7807476
200, 941, 39, 39, 43, 97883, 13178, 7845005
200, 961, 35, 42, 44, 113570, 21687, 8907792
200, 981, 36, 37, 41, 103121, 17300, 9017604
200, 1001, 42, 44, 44, 152564, 15168, 8654703
200, 1021, 35, 35, 42, 111630, 15880, 8711302
200, 1041, 34, 42, 45, 95247, 15535, 8645710
200, 1061, 38, 40, 46, 122562, 14377, 9280871
200, 1081, 43, 47, 46, 133349, 21846, 9641624
200, 1101, 38, 40, 45, 107084, 15909, 9629535
200, 1121, 46, 47, 50, 107380, 17966, 9676013
200, 1141, 37, 42, 49, 110293, 16705, 9506049
200, 1161, 42, 46, 50, 108211, 15242, 9633135
200, 1181, 46, 46, 50, 118112, 14256, 10582838
200, 1201, 43, 46, 53, 145124, 21298, 10761477
200, 1221, 49, 49, 54, 125847, 15185, 10496796
200, 1241, 46, 50, 55, 123637, 19989, 10392677
200, 1261, 46, 46, 52, 125098, 14265, 10536114
200, 1281, 48, 51, 57, 108938, 17096, 10478144
200, 1301, 49, 55, 57, 143323, 17984, 11908964
200, 1321, 52, 60, 62, 136297, 17938, 11475007
200, 1341, 51, 51, 60, 130942, 14547, 11513720
200, 1361, 49, 53, 58, 130831, 15691, 11138818
200, 1381, 53, 56, 62, 136266, 16303, 11154443
200, 1401, 53, 53, 61, 136972, 16890, 11887315
200, 1421, 51, 51, 66, 142288, 16408, 12209330
200, 1441, 52, 52, 65, 130280, 14703, 12292668
200, 1461, 57, 60, 68, 140049, 18807, 11876873
200, 1481, 55, 62, 71, 134783, 19650, 14081029
200, 1501, 61, 64, 68, 204319, 15720, 12775512
200, 1521, 55, 60, 68, 197614, 17189, 13255624
200, 1541, 59, 66, 75, 168973, 20654, 12674990
200, 1561, 52, 57, 69, 145757, 16029, 12728176
200, 1581, 50, 60, 77, 159153, 19002, 12826217
200, 1601, 64, 70, 78, 162828, 20826, 14168318
200, 1621, 55, 55, 77, 221939, 16196, 13671432
200, 1641, 56, 56, 77, 148673, 15110, 13359001
200, 1661, 59, 67, 79, 153163, 17641, 13674111
200, 1681, 61, 70, 81, 152000, 19384, 13641429
200, 1701, 57, 62, 79, 202638, 18976, 14349247
200, 1721, 67, 67, 81, 151452, 15072, 14574448
200, 1741, 64, 64, 76, 160082, 14723, 14255922
200, 1761, 64, 64, 80, 157886, 15006, 14403290
200, 1781, 72, 72, 84, 155853, 15012, 14529926
200, 1801, 66, 77, 85, 201000, 21914, 16251514
200, 1821, 66, 73, 87, 190479, 18688, 15833456
200, 1841, 75, 75, 84, 199460, 21305, 15202543
200, 1861, 70, 70, 91, 152265, 15172, 15974372
200, 1881, 69, 73, 91, 281506, 18068, 15509076
200, 1901, 69, 69, 94, 199745, 17714, 16120720
200, 1921, 71, 79, 88, 183871, 17563, 15227966
200, 1941, 73, 85, 100, 172515, 22527, 16230132
200, 1961, 65, 65, 90, 175979, 15165, 16062119
200, 1981, 77, 91, 98, 175161, 26097, 15622849
200, 2001, 69, 69, 93, 164989, 15238, 15836633
200, 2021, 84, 91, 100, 181758, 15947, 17249138
200, 2041, 69, 79, 98, 183020, 22329, 16642673
200, 2061, 74, 74, 102, 204883, 15137, 16194913
200, 2081, 77, 77, 111, 177085, 14936, 16794039
200, 2101, 79, 79, 109, 178985, 15578, 17344358
200, 2121, 81, 87, 104, 213881, 16433, 16608128
200, 2141, 83, 102, 107, 189029, 22312, 16970629
200, 2161, 72, 77, 101, 188162, 19434, 16788043
200, 2181, 74, 87, 105, 234566, 20762, 17893910
200, 2201, 80, 80, 105, 190987, 15435, 17746706
200, 2221, 80, 91, 102, 190406, 21875, 17168651
200, 2241, 83, 90, 115, 225891, 19664, 18372169
200, 2261, 86, 96, 110, 201642, 20307, 18555203
200, 2281, 84, 100, 110, 272666, 25610, 21371522
200, 2301, 85, 85, 110, 191489, 15304, 17817850
200, 2321, 92, 105, 116, 189671, 21530, 18513671
200, 2341, 81, 89, 113, 205267, 16279, 19227156
200, 2361, 86, 93, 115, 185917, 21445, 18325836
200, 2381, 90, 97, 117, 201638, 16511, 18346815
200, 2401, 100, 108, 121, 252572, 18684, 19769419
200, 2421, 83, 90, 116, 210874, 17987, 18799535
200, 2441, 101, 114, 124, 208185, 17019, 18856049
200, 2461, 88, 93, 118, 203435, 19473, 18692911
200, 2481, 98, 107, 126, 253571, 22428, 20555651
200, 2501, 95, 107, 121, 211918, 20768, 19281617
200, 2521, 94, 106, 126, 209165, 18009, 19213820
200, 2541, 98, 107, 125, 210634, 20762, 20477745
200, 2561, 91, 103, 126, 216814, 19360, 19972261
200, 2581, 96, 108, 125, 199270, 17470, 19646818
200, 2601, 95, 108, 128, 212944, 17314, 20457988
200, 2621, 99, 120, 127, 251896, 29143, 20676464
200, 2641, 108, 117, 136, 224194, 20352, 20025265
200, 2661, 100, 121, 124, 208043, 17605, 21194160
200, 2681, 95, 102, 128, 226759, 18926, 20668450
200, 2701, 97, 117, 128, 212458, 18106, 20774795
200, 2721, 98, 105, 137, 249279, 18548, 21604013
200, 2741, 96, 121, 135, 224333, 26294, 21317119
200, 2761, 116, 131, 147, 212261, 22121, 21473777
200, 2781, 118, 142, 149, 232460, 29328, 22038987
200, 2801, 113, 122, 143, 225567, 17151, 21903339
200, 2821, 99, 125, 139, 220678, 20517, 21359239
200, 2841, 102, 124, 136, 228255, 20526, 22501505
200, 2861, 127, 133, 153, 223953, 19194, 21842969
200, 2881, 105, 114, 144, 230333, 16296, 21962082
200, 2901, 107, 132, 141, 236127, 26163, 23383440
200, 2921, 101, 131, 138, 233535, 23288, 22161698
200, 2941, 102, 117, 151, 239073, 24441, 22480898
200, 2961, 112, 132, 148, 234762, 18342, 23624382
200, 2981, 111, 119, 162, 238520, 20962, 22519390
200, 3001, 115, 145, 149, 237186, 23764, 22664352
200, 3021, 110, 127, 162, 250807, 18718, 23937092
200, 3041, 119, 132, 155, 246461, 17543, 23073573
200, 3061, 119, 156, 164, 257097, 24219, 23252297
200, 3081, 120, 138, 156, 246430, 23588, 24400359
200, 3101, 115, 133, 162, 242319, 22655, 23394378
200, 3121, 114, 142, 152, 260421, 26503, 23567945
200, 3141, 121, 121, 165, 259347, 16091, 24847864
200, 3161, 122, 153, 175, 307296, 25743, 23952850
200, 3181, 120, 147, 153, 252389, 25041, 23721394
200, 3201, 114, 147, 173, 246907, 23688, 25319900
200, 3221, 120, 148, 162, 251215, 18456, 24186996
200, 3241, 126, 150, 168, 262615, 22047, 24174600
200, 3261, 109, 142, 182, 322434, 23045, 25748675
200, 3281, 117, 150, 173, 259231, 23805, 24743722
200, 3301, 121, 150, 167, 252705, 21230, 25232050
200, 3321, 123, 149, 180, 262568, 32494, 25312304
200, 3341, 122, 146, 175, 257153, 20923, 24912178
200, 3361, 129, 155, 181, 249165, 17754, 25118662
200, 3381, 122, 157, 179, 268401, 23446, 25548271
200, 3401, 130, 159, 191, 262131, 24761, 25484685
200, 3421, 146, 167, 189, 253733, 18157, 25503299
200, 3441, 119, 149, 188, 270278, 21814, 26833307
200, 3461, 126, 142, 180, 307603, 25836, 25872064
200, 3481, 133, 153, 184, 290002, 18331, 26076357
200, 3501, 130, 156, 184, 266035, 24544, 27249491
200, 3521, 122, 153, 182, 275831, 20532, 27401923
200, 3541, 140, 175, 185, 277076, 23687, 26100538
200, 3561, 142, 160, 187, 280189, 24511, 27831822
200, 3581, 131, 164, 192, 293962, 20429, 26775387
200, 3601, 138, 169, 192, 284517, 22283, 26765326
200, 3621, 144, 176, 208, 282738, 21205, 28265746
200, 3641, 140, 181, 206, 272466, 24507, 27122486
200, 3661, 141, 174, 206, 282066, 20499, 27088604
200, 3681, 143, 185, 208, 286149, 28064, 28632474
200, 3701, 137, 181, 202, 272299, 21650, 27834734
200, 3721, 137, 179, 217, 283827, 27587, 28830539
200, 3741, 132, 174, 197, 280585, 30830, 29137380
200, 3761, 143, 192, 224, 297264, 24840, 27866852
200, 3781, 135, 159, 205, 281827, 20999, 28081750
200, 3801, 150, 173, 206, 287641, 22616, 29787650
200, 3821, 149, 197, 210, 353645, 28756, 28179867
200, 3841, 170, 170, 210, 293750, 16732, 28287925
200, 3861, 171, 183, 217, 344687, 18808, 29816672
200, 3881, 160, 173, 215, 281117, 17669, 28695494
200, 3901, 142, 191, 234, 306542, 19734, 28890712
200, 3921, 150, 162, 227, 302322, 18677, 34103002
200, 3941, 148, 187, 228, 321739, 22440, 29184238
200, 3961, 139, 185, 217, 303030, 30033, 29880666
200, 3981, 144, 196, 225, 321670, 28119, 30699439
200, 4001, 178, 187, 222, 342688, 19428, 30760210
200, 4021, 147, 185, 236, 317940, 22479, 30857252
200, 4041, 149, 172, 236, 306458, 21476, 31150898
200, 4061, 146, 196, 227, 347095, 28202, 30929312
200, 4081, 143, 179, 230, 317770, 24303, 33895091
200, 4101, 160, 185, 232, 331895, 23664, 33223855
200, 4121, 146, 195, 218, 316312, 19966, 30478000
200, 4141, 142, 202, 237, 324820, 29801, 30920873
200, 4161, 172, 213, 225, 344831, 21005, 31260533
200, 4181, 151, 213, 237, 318170, 27155, 31451684
200, 4201, 170, 210, 249, 344501, 23155, 31331461
200, 4221, 154, 218, 239, 305525, 26851, 31328068
200, 4241, 156, 217, 244, 306592, 30049, 31225513
200, 4261, 165, 217, 241, 330336, 26564, 31585848
200, 4281, 150, 203, 256, 331629, 22846, 31421165
200, 4301, 171, 198, 262, 327820, 21679, 32473247
200, 4321, 172, 212, 240, 308063, 21521, 32167484
200, 4341, 162, 203, 239, 324258, 26658, 31891529
200, 4361, 154, 205, 250, 335159, 25688, 31697979
200, 4381, 156, 219, 242, 326396, 27110, 32075864
200, 4401, 169, 196, 274, 317670, 21061, 31868479
200, 4421, 163, 223, 266, 323973, 25553, 32441798
200, 4441, 155, 213, 255, 330857, 25744, 32478892
200, 4461, 193, 215, 249, 331258, 23360, 32904781
200, 4481, 160, 226, 249, 326870, 30912, 33385793
200, 4501, 158, 205, 269, 329266, 23388, 32913231
200, 4521, 159, 210, 265, 324280, 26201, 32697888
200, 4541, 154, 193, 277, 345375, 23090, 33552157
200, 4561, 178, 245, 274, 333378, 30272, 32929953
200, 4581, 187, 228, 264, 424020, 23039, 37096726
200, 4601, 171, 213, 261, 863842, 23042, 37196497
200, 4621, 176, 237, 278, 365680, 31808, 34571056
200, 4641, 181, 221, 291, 371425, 31673, 33905720
200, 4661, 180, 193, 288, 347142, 19438, 34157345
200, 4681, 180, 231, 285, 344051, 28891, 33903326
200, 4701, 176, 260, 302, 351480, 30619, 35204077
200, 4721, 205, 293, 295, 369468, 34421, 34343740
200, 4741, 199, 260, 292, 363134, 25864, 35175072
200, 4761, 185, 215, 261, 346444, 18345, 34597844
200, 4781, 178, 216, 268, 372499, 19232, 35221943
200, 4801, 192, 224, 290, 356750, 19474, 34626969
200, 4821, 170, 228, 294, 368890, 26816, 36544939
200, 4841, 192, 254, 314, 351016, 34686, 35051847
200, 4861, 179, 242, 305, 365219, 28198, 35910422
200, 4881, 215, 240, 309, 378895, 30009, 35586491
200, 4901, 192, 251, 303, 363516, 23214, 36757276
200, 4921, 197, 258, 300, 493915, 32409, 41380307
200, 4941, 180, 251, 289, 370232, 25223, 36522352
200, 4961, 193, 238, 300, 357319, 21501, 35940994
200, 4981, 193, 265, 306, 417064, 32328, 36591353
200, 5001, 190, 245, 296, 371187, 22904, 36050379
200, 5021, 206, 240, 325, 380011, 22644, 36753696
200, 5041, 179, 285, 309, 376217, 40514, 36578289
200, 5061, 195, 228, 293, 365770, 23138, 37110865
200, 5081, 182, 301, 314, 385877, 40942, 36674898
200, 5101, 185, 283, 333, 377409, 26181, 37407673
200, 5121, 209, 265, 323, 372772, 30620, 37865528
200, 5141, 181, 266, 303, 400499, 33197, 37458832
200, 5161, 203, 267, 319, 369226, 27348, 37074314
200, 5181, 212, 267, 327, 419249, 26995, 38167492
200, 5201, 198, 277, 328, 391666, 26677, 37521704
200, 5221, 188, 264, 314, 380327, 27112, 37850208
200, 5241, 189, 322, 334, 378806, 44059, 37958685
200, 5261, 216, 292, 353, 387356, 28497, 38632765
200, 5281, 192, 268, 343, 375542, 22472, 38478234
200, 5301, 195, 260, 327, 387176, 30838, 38700963
200, 5321, 213, 232, 336, 383197, 20844, 38218161
200, 5341, 193, 288, 337, 391654, 30786, 39413358
200, 5361, 184, 289, 336, 387921, 26465, 38522038
200, 5381, 195, 251, 333, 386706, 29055, 39516257
200, 5401, 225, 307, 330, 395504, 32835, 39187177
200, 5421, 201, 281, 340, 387575, 25804, 40200917
200, 5441, 194, 275, 354, 408166, 31467, 39903126
200, 5461, 227, 261, 343, 395104, 27369, 39918719
200, 5481, 244, 308, 338, 393548, 33050, 39783245
200, 5501, 226, 271, 365, 408835, 21495, 40764264
200, 5521, 186, 278, 352, 399640, 33894, 39833350
200, 5541, 202, 263, 364, 408974, 29906, 40894300
200, 5561, 213, 281, 353, 397092, 22889, 40269712
200, 5581, 216, 319, 350, 394529, 25947, 41734337
200, 5601, 223, 309, 364, 409886, 25705, 40410770
200, 5621, 209, 304, 356, 412986, 29994, 41839066
200, 5641, 201, 321, 385, 400080, 31149, 40866083
200, 5661, 232, 335, 356, 400728, 35219, 41846658
200, 5681, 222, 283, 368, 400625, 23690, 41062841
200, 5701, 246, 318, 386, 413210, 29703, 42538895
200, 5721, 223, 319, 364, 415921, 37142, 41948150
200, 5741, 210, 225, 378, 420561, 21850, 42296623
200, 5761, 223, 348, 360, 424019, 35586, 41759863
200, 5781, 234, 376, 395, 409430, 40390, 42977751
200, 5801, 245, 314, 386, 540432, 28875, 50278337
200, 5821, 202, 309, 378, 433722, 38628, 49933075
200, 5841, 217, 338, 378, 477845, 29097, 47658235
200, 5861, 238, 317, 373, 637479, 32918, 47185578
200, 5881, 226, 338, 387, 422085, 38870, 44078462
200, 5901, 239, 308, 373, 449293, 23468, 45185206
200, 5921, 254, 310, 379, 434001, 36014, 44593859
200, 5941, 206, 334, 378, 508278, 32822, 45093131
200, 5961, 243, 299, 386, 432394, 21122, 44607108
200, 5981, 240, 382, 402, 443478, 47815, 45913509
200, 6001, 207, 309, 385, 436107, 24669, 44623361
200, 6021, 228, 329, 396, 453659, 29930, 45048850
200, 6041, 246, 342, 441, 437023, 33978, 44460008
200, 6061, 245, 332, 431, 446998, 29930, 45278172
200, 6081, 246, 321, 393, 448938, 28100, 45333644
200, 6101, 269, 328, 402, 448565, 30209, 46371353
200, 6121, 231, 305, 406, 440231, 23797, 44920007
200, 6141, 247, 326, 414, 480827, 23985, 45511948
200, 6161, 258, 352, 444, 452546, 28794, 45088425
200, 6181, 283, 353, 421, 548241, 29581, 45706612
200, 6201, 223, 295, 396, 438942, 28438, 45553261
200, 6221, 229, 341, 413, 486852, 34600, 46394453
200, 6241, 255, 366, 393, 449300, 35573, 46137416
200, 6261, 245, 265, 424, 479193, 19478, 46357737
200, 6281, 236, 333, 412, 607426, 28423, 46076064
200, 6301, 253, 382, 431, 449740, 38693, 46859569
200, 6321, 242, 342, 431, 449739, 28974, 46225005
200, 6341, 260, 311, 432, 458518, 31944, 47289424
200, 6361, 240, 394, 421, 467907, 40587, 47315094
200, 6381, 259, 359, 453, 454610, 26161, 47840056
200, 6401, 282, 361, 447, 460021, 25104, 47615429
200, 6421, 280, 360, 415, 452723, 32539, 47693387
200, 6441, 262, 378, 425, 455113, 24878, 46938726
200, 6461, 260, 354, 455, 462574, 32172, 48790545
200, 6481, 265, 396, 425, 461866, 33184, 48083048
200, 6501, 262, 382, 437, 487268, 27570, 48442756
200, 6521, 268, 368, 493, 483138, 32888, 49199449
200, 6541, 247, 400, 440, 461420, 38161, 49696606
200, 6561, 283, 404, 443, 538838, 36630, 49185426
200, 6581, 271, 369, 432, 465319, 31147, 49990664
200, 6601, 256, 386, 464, 473042, 37246, 50660401
200, 6621, 233, 406, 453, 474870, 35020, 50063172
200, 6641, 278, 432, 481, 489264, 40271, 49515438
200, 6661, 277, 403, 456, 492745, 36655, 50588047
200, 6681, 277, 439, 503, 481089, 35869, 49920490
200, 6701, 261, 387, 494, 493145, 31017, 50400639
200, 6721, 281, 381, 449, 490393, 28976, 49834671
200, 6741, 274, 359, 470, 486419, 36409, 49696674
200, 6761, 274, 347, 454, 491796, 27673, 50187217
200, 6781, 279, 423, 464, 480823, 38221, 50498077
200, 6801, 300, 404, 495, 546318, 33785, 50124999
200, 6821, 264, 388, 462, 494329, 27804, 51820705
200, 6841, 265, 388, 515, 500710, 37188, 52285652
200, 6861, 251, 390, 472, 523509, 38320, 55972655
200, 6881, 287, 411, 484, 496933, 33873, 52267654
200, 6901, 292, 375, 472, 484813, 25556, 51997717
200, 6921, 286, 421, 505, 503293, 32537, 51810252
200, 6941, 297, 476, 504, 509668, 48042, 53108588
200, 6961, 307, 394, 484, 514071, 26078, 50874399
200, 6981, 293, 418, 485, 497359, 30253, 51260346
200, 7001, 280, 403, 530, 505700, 36000, 51106772
200, 7021, 278, 383, 476, 492101, 30470, 51690295
200, 7041, 279, 429, 503, 505145, 41014, 51320061
200, 7061, 303, 448, 507, 490489, 33172, 53515178
200, 7081, 245, 399, 502, 486835, 29732, 51633943
200, 7101, 302, 425, 504, 499402, 35085, 52262243
200, 7121, 293, 433, 524, 491538, 32019, 51552051
200, 7141, 296, 452, 497, 505421, 43139, 52438416
200, 7161, 282, 395, 494, 498242, 29846, 52138641
200, 7181, 328, 434, 512, 499128, 28822, 54271278
200, 7201, 310, 422, 501, 506486, 33775, 52295604
200, 7221, 280, 393, 501, 515839, 35304, 53229968
200, 7241, 291, 440, 533, 551443, 38899, 52670131
200, 7261, 305, 410, 513, 514218, 28311, 55513530
200, 7281, 300, 364, 508, 711926, 27774, 68916879
200, 7301, 287, 417, 553, 537689, 40133, 59102254
200, 7321, 282, 413, 544, 516102, 38527, 54422670
200, 7341, 286, 411, 549, 557098, 36804, 54540172
200, 7361, 309, 400, 564, 748081, 33533, 56154118
200, 7381, 292, 451, 534, 774800, 37431, 54634072
200, 7401, 320, 456, 526, 537895, 34661, 58676908
200, 7421, 325, 418, 536, 519423, 27588, 54592569
200, 7441, 316, 447, 542, 529482, 35466, 59667967
200, 7461, 320, 480, 566, 528030, 40869, 63800508
200, 7481, 330, 486, 556, 538026, 41737, 63485192
200, 7501, 343, 498, 561, 553004, 38389, 56260099
200, 7521, 329, 453, 537, 1152567, 41319, 89945422
200, 7541, 337, 538, 615, 1566666, 53503, 89649736
200, 7561, 302, 458, 566, 746313, 42403, 74560230
200, 7581, 327, 478, 567, 677995, 33867, 69431579
200, 7601, 330, 490, 565, 537321, 32160, 56815210
200, 7621, 299, 416, 569, 547485, 37154, 58582908
200, 7641, 325, 456, 577, 566025, 41774, 58465914
200, 7661, 311, 499, 552, 729180, 48315, 58029120
200, 7681, 311, 425, 600, 578967, 33983, 57477235
200, 7701, 340, 497, 583, 605614, 46478, 57334907
200, 7721, 277, 464, 615, 541087, 36812, 56869323
200, 7741, 326, 536, 609, 570421, 45037, 59103166
200, 7761, 303, 421, 582, 548199, 41682, 57639202
200, 7781, 333, 545, 578, 604766, 38213, 58514878
200, 7801, 358, 553, 602, 544919, 37878, 58392635
200, 7821, 359, 498, 590, 576656, 40946, 58386938
200, 7841, 317, 547, 651, 536625, 45553, 58672237
200, 7861, 311, 479, 588, 556191, 39029, 58293325
200, 7881, 349, 542, 615, 553539, 39740, 57684575
200, 7901, 331, 545, 584, 756155, 45390, 59699540
200, 7921, 310, 534, 635, 566715, 32562, 58060839
200, 7941, 322, 540, 600, 667574, 34452, 60003655
200, 7961, 357, 581, 669, 550782, 45642, 59093170
200, 7981, 311, 535, 638, 714503, 59283, 60588554
200, 8001, 361, 512, 624, 648132, 30948, 59817096
200, 8021, 331, 522, 644, 614861, 41667, 59126096
200, 8041, 375, 525, 654, 635689, 38622, 59917043
200, 8061, 331, 502, 597, 614880, 33045, 62394661
200, 8081, 347, 540, 665, 572296, 40720, 59714413
200, 8101, 374, 524, 641, 898676, 36593, 60646549
200, 8121, 372, 495, 652, 655683, 28137, 60544944
200, 8141, 320, 542, 628, 601133, 47858, 60944201
200, 8161, 320, 522, 641, 579287, 35379, 64675656
200, 8181, 374, 517, 612, 570547, 33647, 60442959
200, 8201, 338, 543, 659, 689674, 40012, 62405402
200, 8221, 342, 515, 679, 584862, 37164, 61240259
200, 8241, 390, 555, 714, 604317, 46461, 61181787
200, 8261, 383, 611, 713, 663426, 44958, 63672157
200, 8281, 356, 624, 657, 584101, 46070, 62097728
200, 8301, 376, 547, 660, 600123, 36899, 62641422
200, 8321, 386, 564, 694, 623192, 31484, 62012866
200, 8341, 353, 505, 670, 605649, 31522, 62681991
200, 8361, 380, 558, 674, 736196, 37864, 63470954
200, 8381, 364, 611, 658, 596691, 63751, 62648333
200, 8401, 388, 516, 676, 598752, 31565, 65042684
200, 8421, 395, 580, 655, 591017, 42528, 64568689
200, 8441, 378, 602, 676, 592512, 50963, 67020123
200, 8461, 366, 605, 704, 591930, 51241, 64796146
200, 8481, 389, 572, 700, 653812, 34704, 63038616
200, 8501, 395, 608, 686, 607382, 40095, 65589736
200, 8521, 379, 542, 738, 729989, 40875, 65257711
200, 8541, 348, 534, 713, 736604, 40640, 64237270
200, 8561, 363, 607, 713, 612074, 44974, 64038346
200, 8581, 362, 602, 701, 768662, 40563, 64145417
200, 8601, 354, 570, 728, 644011, 45175, 65576458
200, 8621, 405, 563, 679, 627803, 32361, 65021278
200, 8641, 398, 579, 698, 630887, 36176, 65869979
200, 8661, 365, 644, 781, 607517, 39501, 64624934
200, 8681, 357, 579, 714, 692063, 51563, 64823859
200, 8701, 374, 583, 709, 1186460, 57423, 79442448
200, 8721, 386, 568, 718, 1171782, 58103, 87519822
200, 8741, 460, 628, 754, 639443, 32555, 67841688
200, 8761, 404, 614, 730, 631603, 42292, 66994810
200, 8781, 354, 606, 733, 615151, 44052, 66862204
200, 8801, 370, 555, 715, 633587, 44972, 65948933
200, 8821, 398, 596, 749, 621285, 40827, 66616497
200, 8841, 373, 623, 732, 666107, 47115, 66551186
200, 8861, 401, 635, 767, 627204, 42434, 66260749
200, 8881, 390, 601, 783, 627710, 39875, 67559944
200, 8901, 370, 554, 775, 620480, 30822, 66343846
200, 8921, 383, 631, 751, 633960, 46505, 66879183
200, 8941, 409, 622, 761, 644656, 38565, 68029543
200, 8961, 392, 600, 758, 633379, 36721, 67686755
200, 8981, 356, 606, 766, 614401, 44451, 66867528
200, 9001, 418, 575, 784, 622764, 37574, 67637419
200, 9021, 398, 650, 790, 646240, 44507, 67633197
200, 9041, 419, 634, 752, 629832, 41371, 69687727
200, 9061, 380, 659, 812, 625056, 48115, 67801618
200, 9081, 402, 669, 798, 622987, 44307, 66940057
200, 9101, 401, 598, 791, 627418, 34780, 68475784
200, 9121, 397, 596, 784, 804312, 38916, 93563259
200, 9141, 374, 701, 766, 912701, 67636, 93683407
200, 9161, 402, 681, 784, 1159205, 53069, 86996989
200, 9181, 381, 626, 803, 772064, 52181, 84535301
200, 9201, 421, 656, 836, 650881, 43622, 71638226
200, 9221, 391, 622, 769, 632025, 37205, 70876165
200, 9241, 432, 642, 774, 667381, 48582, 71158259
200, 9261, 437, 604, 817, 670991, 41358, 73207917
200, 9281, 417, 641, 794, 631160, 55516, 77884295
200, 9301, 379, 654, 749, 728139, 65183, 70708079
200, 9321, 442, 667, 830, 660936, 37360, 70055758
200, 9341, 409, 605, 808, 679322, 44795, 72073000
200, 9361, 395, 706, 846, 668820, 53260, 74103829
200, 9381, 409, 668, 822, 673692, 42741, 71434538
200, 9401, 436, 714, 837, 695007, 48672, 73218287
200, 9421, 408, 713, 830, 658369, 45574, 74497303
200, 9441, 408, 724, 836, 662488, 47331, 73317952
200, 9461, 416, 794, 832, 646147, 62218, 72873593
200, 9481, 403, 598, 821, 674893, 38256, 71646107
200, 9501, 399, 686, 852, 660258, 47871, 74344713
200, 9521, 479, 654, 869, 657559, 49268, 73260813
200, 9541, 405, 737, 847, 665292, 44778, 74246109
200, 9561, 418, 677, 810, 681521, 43332, 74702551
200, 9581, 443, 716, 853, 654519, 51492, 72429084
200, 9601, 397, 684, 836, 707889, 42035, 75568873
200, 9621, 458, 750, 891, 831491, 50872, 74581415
200, 9641, 464, 777, 867, 814637, 57598, 78439818
200, 9661, 426, 807, 907, 671762, 56306, 72636761
200, 9681, 407, 702, 876, 704600, 42968, 74592569
200, 9701, 487, 784, 906, 669096, 45438, 75933456
200, 9721, 446, 733, 863, 847289, 41547, 76308035
200, 9741, 420, 777, 899, 688627, 55033, 73825629
200, 9761, 415, 713, 870, 893295, 64087, 100265519
200, 9781, 434, 703, 962, 1380022, 61771, 101275281
200, 9801, 460, 822, 877, 678697, 52605, 77165293
200, 9821, 472, 706, 913, 697832, 47061, 77123251
200, 9841, 414, 792, 858, 682862, 57360, 75300315
200, 9861, 449, 686, 1055, 766734, 39519, 77808643
200, 9881, 510, 822, 971, 679434, 75588, 77842428
200, 9901, 425, 791, 895, 723109, 68335, 77724526
200, 9921, 497, 776, 899, 723956, 61582, 82516952
200, 9941, 475, 747, 953, 681217, 60735, 79273507
200, 9961, 511, 752, 933, 688556, 48020, 81089042
200, 9981, 438, 690, 882, 713658, 35980, 93996517
200, 10001, 458, 782, 934, 961462, 85258, 118441902
200, 10021, 447, 775, 976, 880673, 56402, 76380185
200, 10041, 511, 865, 936, 713705, 63631, 76342776
200, 10061, 488, 729, 944, 688853, 39274, 77789192
200, 10081, 462, 825, 936, 718301, 56883, 78882175
200, 10101, 507, 870, 943, 965951, 70058, 115509934
200, 10121, 486, 733, 994, 787745, 36876, 105587916
200, 10141, 448, 778, 945, 711710, 53192, 82107615
200, 10161, 439, 779, 1023, 712451, 52581, 76693451
200, 10181, 560, 763, 977, 726165, 45571, 79400492
200, 10201, 500, 714, 933, 767687, 56681, 77062885
200, 10221, 493, 772, 970, 702275, 50635, 77747975
200, 10241, 531, 818, 992, 696066, 52516, 78458547
200, 10261, 490, 890, 1024, 720967, 49734, 77049851
200, 10281, 521, 884, 969, 712104, 64675, 77223596
200, 10301, 502, 787, 997, 867226, 40386, 77048773
200, 10321, 476, 859, 1001, 720139, 60824, 78603091
200, 10341, 548, 865, 973, 721865, 44343, 77518394
200, 10361, 465, 747, 976, 742378, 54716, 78826230
200, 10381, 437, 776, 967, 715725, 47076, 78722352
200, 10401, 544, 814, 931, 711424, 45725, 79307463
200, 10421, 499, 841, 970, 722589, 65615, 78644904
200, 10441, 612, 835, 1040, 730345, 41922, 79242456
200, 10461, 600, 843, 993, 761156, 51090, 79023735
200, 10481, 492, 866, 1124, 740675, 66796, 80336741
200, 10501, 548, 820, 1074, 713215, 61210, 79504684
200, 10521, 465, 810, 981, 751871, 47908, 79208721
200, 10541, 442, 844, 1053, 720230, 49323, 80243066
200, 10561, 553, 832, 994, 745631, 49486, 81186281
200, 10581, 611, 863, 1090, 722766, 50463, 80875512
200, 10601, 477, 794, 1037, 748488, 52186, 80699902
200, 10621, 514, 837, 1022, 732916, 48265, 80434803
200, 10641, 519, 869, 1069, 798103, 69045, 82179124
200, 10661, 564, 939, 1079, 781185, 55009, 80343003
200, 10681, 479, 807, 1029, 764445, 51580, 82400132
200, 10701, 548, 844, 1117, 814275, 51609, 84468568
200, 10721, 479, 924, 1108, 841877, 70781, 85189449
200, 10741, 485, 871, 1040, 764382, 66816, 82733543
200, 10761, 457, 847, 1128, 763882, 53456, 83350266
200, 10781, 572, 851, 1062, 927232, 56973, 82122204
200, 10801, 521, 917, 1130, 738259, 59429, 82052960
200, 10821, 590, 954, 1081, 980927, 57225, 82856186
200, 10841, 539, 870, 1071, 749968, 66809, 83104549
200, 10861, 531, 951, 1131, 760150, 64043, 81607591
200, 10881, 597, 985, 1127, 729326, 58333, 81438097
200, 10901, 539, 856, 1148, 749949, 45437, 82450914
200, 10921, 556, 946, 1084, 750555, 63315, 83097124
200, 10941, 555, 923, 1079, 885487, 57934, 82257193
200, 10961, 504, 846, 1102, 757973, 53111, 82273212
200, 10981, 552, 901, 1170, 749178, 51728, 82119926
200, 11001, 559, 955, 1120, 764156, 66516, 83111120
200, 11021, 565, 873, 1131, 790877, 54814, 82883405
200, 11041, 531, 1018, 1094, 752912, 80351, 83194930
200, 11061, 553, 987, 1124, 893089, 61938, 84190031
200, 11081, 472, 901, 1078, 783552, 56894, 83773470
200, 11101, 534, 994, 1116, 787630, 73229, 84407839
200, 11121, 472, 968, 1185, 774696, 78861, 84995500
200, 11141, 546, 1042, 1175, 776754, 76179, 84817892
200, 11161, 571, 815, 1176, 1195113, 55560, 89440377
200, 11181, 508, 1015, 1169, 910752, 85922, 85988466
200, 11201, 578, 1028, 1201, 884225, 70969, 86596470
200, 11221, 540, 1017, 1205, 993004, 64187, 88367023
200, 11241, 530, 908, 1225, 833845, 50570, 88283110
200, 11261, 534, 984, 1172, 812075, 59335, 88441973
200, 11281, 560, 1014, 1201, 969312, 78084, 88954526
200, 11301, 627, 1035, 1179, 783544, 66309, 88011998
200, 11321, 475, 929, 1190, 886993, 53815, 90004810
200, 11341, 568, 1050, 1149, 1189433, 98182, 115818199
200, 11361, 506, 1047, 1169, 978667, 84044, 122773256
200, 11381, 538, 1101, 1179, 796046, 98315, 87934197
200, 11401, 574, 1084, 1189, 902601, 78343, 87185043
200, 11421, 532, 1138, 1221, 874215, 82609, 86940617
200, 11441, 570, 1023, 1290, 857341, 51887, 89300643
200, 11461, 547, 1042, 1236, 1012435, 55561, 86558564
200, 11481, 579, 1034, 1221, 861389, 67297, 87316526
200, 11501, 624, 1176, 1261, 895265, 66646, 87629615
200, 11521, 644, 1134, 1262, 886416, 68606, 91282538
200, 11541, 566, 1121, 1252, 915898, 80788, 90867754
200, 11561, 551, 1003, 1270, 834414, 81935, 89857935
200, 11581, 576, 1065, 1252, 927083, 59029, 88502964
200, 11601, 644, 1031, 1265, 1709931, 69160, 92714929
200, 11621, 604, 1091, 1258, 853384, 61463, 88545069
200, 11641, 608, 1130, 1289, 853626, 82480, 91834936
200, 11661, 566, 1159, 1283, 875944, 75844, 88938895
200, 11681, 641, 1105, 1289, 834365, 64776, 117964540
200, 11701, 608, 1138, 1349, 1029047, 80189, 119383855
200, 11721, 647, 1204, 1253, 888337, 74339, 87740744
200, 11741, 611, 1137, 1333, 1006716, 74010, 89591473
200, 11761, 625, 1152, 1286, 1059989, 69289, 89516454
200, 11781, 619, 1146, 1272, 975016, 74554, 88973851
200, 11801, 568, 1067, 1304, 977004, 65574, 90501854
200, 11821, 618, 1052, 1344, 948079, 63161, 88818666
200, 11841, 638, 1123, 1321, 923211, 64986, 90245544
200, 11861, 602, 1113, 1377, 887181, 68716, 90251316
200, 11881, 565, 1209, 1275, 1000237, 81295, 89365914
200, 11901, 667, 1095, 1355, 1209311, 70653, 90300326
200, 11921, 619, 1198, 1368, 947221, 72560, 91632452
200, 11941, 597, 1134, 1330, 1091342, 65137, 91981987
200, 11961, 565, 1103, 1402, 836275, 82597, 91916663
200, 11981, 637, 1206, 1336, 1021215, 86469, 91604619
200, 12001, 676, 1169, 1359, 974073, 65167, 91623041
200, 12021, 643, 1112, 1350, 868396, 60678, 92077943
200, 12041, 619, 1159, 1385, 893787, 67613, 91256552
200, 12061, 665, 987, 1397, 973090, 50616, 91390488
200, 12081, 636, 1147, 1365, 864061, 64009, 95270265
200, 12101, 603, 1117, 1353, 862856, 65846, 100801037
200, 12121, 627, 1205, 1399, 830753, 86253, 94657570
200, 12141, 680, 1238, 1361, 851221, 88115, 96628237
200, 12161, 556, 1245, 1384, 850748, 65451, 96094176
200, 12181, 669, 1186, 1379, 866047, 61870, 95460175
200, 12201, 577, 1240, 1462, 866717, 68212, 106052433
200, 12221, 662, 1166, 1435, 2278227, 82155, 145811683
200, 12241, 646, 1122, 1482, 888860, 62821, 94460976
200, 12261, 659, 1218, 1400, 866440, 70435, 101488875
200, 12281, 710, 1219, 1561, 850856, 68017, 96071083
200, 12301, 615, 1093, 1390, 1861752, 72137, 134449250
200, 12321, 620, 1202, 1416, 2077715, 63645, 137427544
200, 12341, 667, 1109, 1384, 844201, 75237, 96225269
200, 12361, 670, 1224, 1476, 896163, 77758, 98400074
200, 12381, 691, 1247, 1433, 870647, 79151, 107857779
200, 12401, 638, 1339, 1464, 1572594, 84513, 116292564
200, 12421, 760, 1238, 1461, 898045, 66475, 102499865
200, 12441, 598, 1192, 1432, 972507, 59957, 100478442
200, 12461, 707, 1368, 1562, 892988, 82195, 97700754
200, 12481, 644, 1324, 1481, 851426, 89069, 119978484
200, 12501, 619, 1256, 1455, 2142289, 80504, 136744055
200, 12521, 654, 1256, 1558, 1388371, 68921, 121499320
200, 12541, 600, 1247, 1497, 901908, 98342, 125499901
200, 12561, 645, 1204, 1530, 1184780, 78905, 106349023
200, 12581, 607, 1232, 1552, 854500, 91985, 106640614
200, 12601, 703, 1236, 1532, 923806, 74970, 106218120
200, 12621, 643, 1211, 1458, 897668, 63164, 109797230
200, 12641, 682, 1297, 1554, 943016, 82492, 108362248
200, 12661, 683, 1286, 1563, 1339195, 73913, 108094706
200, 12681, 755, 1368, 1538, 901194, 64672, 109441983
200, 12701, 696, 1414, 1644, 1127532, 80736, 109064872
200, 12721, 662, 1428, 1538, 971328, 82385, 104173835
200, 12741, 744, 1326, 1553, 878362, 71473, 115162055
200, 12761, 699, 1377, 1577, 857334, 84758, 108999134
200, 12781, 629, 1224, 1530, 1122768, 67928, 117376776
200, 12801, 718, 1332, 1605, 988571, 79395, 132283154
200, 12821, 692, 1297, 1598, 2088692, 93997, 133794364
200, 12841, 688, 1341, 1643, 1859917, 95132, 143551209
200, 12861, 669, 1284, 1641, 1116742, 73798, 109008623
200, 12881, 699, 1475, 1567, 899201, 91214, 108900934
200, 12901, 685, 1337, 1616, 1111136, 108111, 131227970
200, 12921, 813, 1452, 1566, 1730282, 96684, 151418605
200, 12941, 683, 1417, 1695, 2269252, 116131, 152189970
200, 12961, 679, 1452, 1608, 1507114, 112625, 132273450
200, 12981, 766, 1571, 1669, 1441300, 118226, 122635526
200, 13001, 788, 1418, 1654, 1103162, 102702, 118703475
200, 13021, 770, 1397, 1628, 903400, 65009, 106247696
200, 13041, 660, 1349, 1600, 949252, 79581, 102930634
200, 13061, 690, 1388, 1671, 891917, 74976, 101508344
200, 13081, 724, 1356, 1721, 887333, 78190, 103130957
200, 13101, 756, 1498, 1691, 914054, 86498, 101493747
200, 13121, 721, 1496, 1756, 1091378, 89162, 101712724
200, 13141, 792, 1348, 1824, 892157, 60521, 103344430
200, 13161, 857, 1633, 1685, 900574, 110168, 102000858
200, 13181, 703, 1488, 1634, 905059, 85261, 103067279
200, 13201, 665, 1454, 1622, 1061785, 83764, 103425359
200, 13221, 677, 1358, 1693, 906483, 76920, 102657508
200, 13241, 819, 1565, 1678, 900088, 82759, 103111955
200, 13261, 721, 1481, 1812, 896865, 86583, 104026861
200, 13281, 769, 1472, 1736, 900673, 68932, 102777579
200, 13301, 802, 1624, 1790, 900618, 105691, 104929188
200, 13321, 760, 1481, 1779, 1075766, 92461, 105280940
200, 13341, 801, 1579, 1801, 1195641, 72836, 104713828
200, 13361, 816, 1558, 1774, 912158, 93653, 106318009
200, 13381, 726, 1492, 1736, 909835, 93205, 105540229
200, 13401, 748, 1618, 1844, 905588, 112242, 104041977
200, 13421, 750, 1457, 1748, 915819, 60006, 104761186
200, 13441, 735, 1501, 1827, 930205, 88879, 105342056
200, 13461, 891, 1522, 1738, 920826, 69847, 105160735
200, 13481, 741, 1628, 1817, 937468, 116466, 105560732
200, 13501, 822, 1717, 1851, 906029, 104728, 105204383
200, 13521, 883, 1555, 1916, 919167, 94467, 105314615
200, 13541, 743, 1475, 1747, 936394, 91755, 105923229
200, 13561, 707, 1690, 1802, 934901, 120536, 107519918
200, 13581, 858, 1742, 1760, 936446, 119633, 110759676
200, 13601, 775, 1654, 1872, 923755, 100550, 106743132
200, 13621, 681, 1553, 1761, 932505, 87671, 108827560
200, 13641, 777, 1624, 1831, 994304, 107290, 106900416
200, 13661, 750, 1515, 1820, 949124, 86922, 105008516
200, 13681, 768, 1627, 1817, 935320, 87342, 105906491
200, 13701, 888, 1660, 1981, 1049326, 89130, 107625669
200, 13721, 868, 1763, 1918, 937125, 111560, 104426200
200, 13741, 753, 1650, 1853, 1071887, 105922, 106612039
200, 13761, 750, 1621, 1906, 925202, 85530, 108184105
200, 13781, 785, 1613, 1921, 1068785, 85852, 106680779
200, 13801, 763, 1769, 1848, 924388, 129589, 107312484
200, 13821, 862, 1560, 2021, 1315210, 84444, 107777755
200, 13841, 744, 1607, 1876, 964269, 100331, 111948334
200, 13861, 793, 1619, 1880, 978635, 88041, 109470332
200, 13881, 923, 1739, 2015, 943126, 113704, 109525044
200, 13901, 801, 1711, 1985, 944982, 110991, 108419653
200, 13921, 880, 1710, 1943, 954883, 71501, 113339941
200, 13941, 794, 1829, 2001, 958910, 115591, 110116954
200, 13961, 896, 1692, 1936, 937223, 104378, 111910176
200, 13981, 980, 1524, 1948, 1286463, 61613, 128832007
200, 14001, 826, 1665, 2052, 948801, 107784, 112114363
200, 14021, 923, 1829, 2040, 953840, 109218, 111370829
200, 14041, 831, 1697, 1947, 968689, 94700, 113671417
200, 14061, 917, 1723, 1997, 952722, 82255, 111262146
200, 14081, 880, 1677, 2090, 960078, 93612, 112394668
200, 14101, 891, 1649, 2070, 970960, 100950, 113351100
200, 14121, 770, 1644, 2066, 1316355, 98224, 138386621
200, 14141, 844, 1886, 2142, 1348347, 109370, 118030699
200, 14161, 734, 1754, 2118, 967264, 96721, 115020898
200, 14181, 849, 1730, 2075, 1621229, 132536, 128240818
200, 14201, 840, 1766, 2022, 958268, 101190, 110350449
200, 14221, 810, 1738, 2065, 963199, 96003, 114023061
200, 14241, 796, 1731, 2116, 1246219, 122883, 139727276
200, 14261, 854, 1753, 2177, 957840, 104828, 111744171
200, 14281, 935, 1776, 2082, 969520, 97961, 114213536
200, 14301, 848, 1728, 2131, 1100628, 90885, 142128520
200, 14321, 939, 2020, 2088, 1717196, 128982, 146912691
200, 14341, 949, 1655, 2096, 982558, 114764, 115144548
200, 14361, 827, 1866, 2114, 1434301, 120100, 119045041
200, 14381, 909, 1842, 2208, 1004101, 110202, 114996920
200, 14401, 883, 1975, 2096, 998153, 131990, 121892466
200, 14421, 812, 1882, 2165, 2351106, 162470, 177689770
200, 14441, 829, 2058, 2178, 2401667, 171419, 178363347
200, 14461, 890, 1920, 2203, 1948448, 137551, 154735799
200, 14481, 839, 1907, 2214, 2019210, 168937, 124277935
200, 14501, 892, 1904, 2159, 1074908, 135172, 132556960
200, 14521, 850, 2091, 2194, 1532082, 141267, 127965003
200, 14541, 817, 1974, 2281, 1628332, 148949, 138014604
200, 14561, 851, 1782, 2237, 968082, 105508, 115632209
200, 14581, 950, 1973, 2270, 1297047, 127474, 113531073
200, 14601, 981, 1955, 2252, 999331, 107402, 111945089
200, 14621, 928, 2043, 2238, 1293928, 118463, 113136867
200, 14641, 948, 1961, 2274, 983392, 116351, 115128645
200, 14661, 991, 2074, 2344, 1019396, 143999, 117959704
200, 14681, 835, 1956, 2266, 1001612, 111187, 115149247
200, 14701, 988, 2093, 2330, 988093, 120321, 118619051
200, 14721, 963, 2202, 2317, 1014865, 160780, 114184264
200, 14741, 892, 2056, 2240, 1509700, 142131, 114977832
200, 14761, 897, 2021, 2261, 986552, 129409, 114475256
200, 14781, 902, 2069, 2377, 1003725, 143768, 117430653
200, 14801, 1023, 1979, 2415, 1300974, 142248, 161341795
200, 14821, 912, 2124, 2385, 2210964, 171050, 133592721
200, 14841, 892, 1939, 2331, 2214113, 157272, 186253796
200, 14861, 973, 2062, 2377, 1805829, 157551, 162278563
200, 14881, 1049, 2121, 2420, 1882975, 165663, 157599023
200, 14901, 930, 2188, 2449, 2890792, 167437, 174728677
200, 14921, 910, 2059, 2330, 1654430, 123154, 148029758
200, 14941, 922, 2108, 2575, 1171890, 134118, 121727694
200, 14961, 909, 2135, 2524, 1161880, 141834, 118417197
200, 14981, 919, 2096, 2370, 1102325, 155876, 120852059
200, 15001, 978, 2163, 2491, 1030166, 145917, 120433766
200, 15021, 914, 2096, 2418, 1044157, 133171, 117928709
200, 15041, 1227, 2252, 2548, 1042843, 117728, 117982083
200, 15061, 974, 2106, 2503, 1034588, 150197, 120058958
200, 15081, 987, 2055, 2566, 1056337, 145957, 119448159
200, 15101, 1004, 2353, 2544, 1039299, 176039, 120511952
200, 15121, 1030, 2218, 2500, 1057558, 141417, 121410413
200, 15141, 957, 2158, 2549, 1045447, 134160, 122609330
200, 15161, 998, 2401, 2638, 1049542, 170981, 118915088
200, 15181, 965, 2010, 2723, 1225497, 121275, 119449145
200, 15201, 970, 2381, 2688, 1129848, 174425, 119684139
200, 15221, 948, 2223, 2578, 1065046, 168639, 119686892
200, 15241, 949, 2157, 2531, 1045908, 130065, 121018003
200, 15261, 1122, 2293, 2621, 1085328, 129819, 120791390
200, 15281, 1030, 2353, 2674, 1070317, 161647, 120551537
200, 15301, 1004, 2212, 2627, 1400498, 128094, 138659134
200, 15321, 1186, 2404, 2641, 1743623, 186431, 154874004
200, 15341, 1072, 2429, 2704, 1055373, 174392, 126427733
200, 15361, 1039, 2300, 2726, 1083490, 118015, 122652873
200, 15381, 1023, 2182, 2569, 1115146, 146283, 122613817
200, 15401, 1045, 2294, 2547, 1063263, 131848, 130879715
200, 15421, 973, 2194, 2623, 1268286, 122548, 138298808
200, 15441, 1044, 2550, 2704, 1144981, 181505, 132205630
200, 15461, 1107, 2229, 2627, 1075469, 150072, 124825376
200, 15481, 1210, 2397, 2745, 1222461, 142010, 124364753
200, 15501, 990, 2507, 2711, 1111728, 170152, 121648783
200, 15521, 1216, 2638, 2781, 1048867, 193112, 123641725
200, 15541, 993, 2377, 2819, 1056114, 166954, 122652980
200, 15561, 1191, 2438, 2848, 1187751, 154445, 120510550
200, 15581, 1061, 2087, 2706, 1063372, 121302, 119993402
200, 15601, 978, 2564, 2745, 1060238, 193711, 120059871
200, 15621, 1283, 2365, 2806, 1098008, 119795, 121211986
200, 15641, 1053, 2498, 2845, 1071666, 150258, 120177856
200, 15661, 1037, 2391, 2850, 1075490, 160517, 121697166
200, 15681, 1196, 2530, 2808, 1080829, 175661, 121252152
200, 15701, 1056, 2586, 2907, 1142048, 193366, 123052159
200, 15721, 1040, 2629, 2872, 1086286, 179706, 122442021
200, 15741, 1086, 2665, 2923, 1148167, 153307, 121625130
200, 15761, 1108, 2427, 3062, 1099407, 165178, 122382354
200, 15781, 1164, 2466, 2871, 1071751, 176728, 124186634
200, 15801, 1101, 2639, 2862, 1075614, 181468, 123439060
200, 15821, 1149, 2616, 2896, 1227865, 174686, 123795141
200, 15841, 1056, 2525, 2973, 1185050, 178373, 123510104
200, 15861, 1158, 2742, 2923, 1124195, 205179, 123304541
200, 15881, 1012, 2820, 3068, 1074289, 252906, 122049059
200, 15901, 1046, 2623, 2972, 1067157, 187795, 126550975
200, 15921, 1178, 2806, 2932, 1138939, 187689, 123675155
200, 15941, 1183, 2591, 2962, 1098969, 157696, 123497629
200, 15961, 1145, 2697, 3125, 1074230, 191967, 124917501
200, 15981, 1125, 2674, 3150, 1154986, 164469, 123716026
200, 16001, 1117, 2876, 3112, 1105673, 222811, 124564824
200, 16021, 1302, 2545, 2973, 1079834, 174800, 124504032
200, 16041, 1278, 2806, 3154, 1096664, 204084, 125023105
200, 16061, 1037, 2698, 3093, 1089273, 188314, 124545532
200, 16081, 1215, 2741, 3116, 1079151, 184361, 124667544
200, 16101, 1437, 2960, 3126, 1078002, 225248, 125386002
200, 16121, 1195, 2539, 3141, 1096086, 152429, 124133335
200, 16141, 1080, 2804, 3159, 1107819, 173552, 125861999
200, 16161, 1170, 2933, 3219, 1101001, 194442, 124300981
200, 16181, 1198, 2693, 3167, 1090390, 168446, 126131720
200, 16201, 1088, 2752, 3241, 1182138, 171316, 125920292
200, 16221, 1097, 2891, 3291, 1104483, 251427, 127245197
200, 16241, 1155, 2843, 3117, 1093138, 212231, 127748578
200, 16261, 1341, 2861, 3345, 1483796, 201657, 158528727
200, 16281, 1134, 3107, 3369, 1825547, 278998, 143410508
200, 16301, 1419, 2994, 3177, 1416002, 240141, 146368813
200, 16321, 1314, 3216, 3472, 1280749, 238052, 129529390
200, 16341, 1281, 2855, 3358, 1150001, 193123, 138048055
200, 16361, 1456, 3098, 3326, 1292741, 230607, 130767392
200, 16381, 1150, 3007, 3463, 1207813, 237159, 133040954
200, 16401, 1206, 2882, 3355, 1154870, 184108, 131465418
200, 16421, 1233, 2862, 3483, 1901601, 219791, 167917059
200, 16441, 1253, 3200, 3427, 1290047, 230530, 132672808
200, 16461, 1196, 2968, 3400, 1564981, 180741, 131810540
200, 16481, 1271, 3082, 3508, 1302295, 248596, 138895335
200, 16501, 1330, 3088, 3300, 1115294, 247711, 131254866
200, 16521, 1457, 3172, 3535, 1143401, 226890, 130971568
200, 16541, 1461, 3298, 3567, 1163683, 259648, 134924531
200, 16561, 1298, 2990, 3558, 1128499, 245290, 133200192
200, 16581, 1269, 3287, 3492, 1218930, 336732, 147555268
200, 16601, 1352, 3204, 3518, 1149722, 261025, 129873876
200, 16621, 1258, 3168, 3648, 1158598, 225298, 132659874
200, 16641, 1321, 3090, 3561, 2025609, 270870, 165100430
200, 16661, 1355, 3242, 3778, 1201568, 340936, 148590258
200, 16681, 1332, 3182, 3738, 2025081, 265471, 167479641
200, 16701, 1333, 3390, 3704, 1436169, 297494, 154553816
200, 16721, 1305, 3188, 3603, 1453368, 257825, 148639968
200, 16741, 1105, 3271, 3589, 1397226, 241456, 138439790
200, 16761, 1555, 3621, 3665, 1813432, 298456, 168722284
200, 16781, 1327, 2983, 3610, 2195875, 232506, 151046387
200, 16801, 1363, 3276, 3700, 1133602, 247230, 134730564
200, 16821, 1461, 3453, 3710, 1135329, 285082, 135058630
200, 16841, 1352, 3319, 3751, 1178667, 237351, 133591594
200, 16861, 1381, 3570, 3892, 1628072, 261129, 164700578
200, 16881, 1592, 3565, 3817, 1174709, 273535, 133147682
200, 16901, 1518, 3598, 4064, 1189018, 282961, 136490278
200, 16921, 1385, 3485, 3979, 1169050, 231054, 133949230
200, 16941, 1453, 3504, 3756, 1210192, 273834, 139313646
200, 16961, 1282, 3607, 3922, 1181706, 317501, 137056844
200, 16981, 1453, 3522, 4021, 1370433, 259311, 135875537
200, 17001, 1772, 3904, 3934, 1395140, 283803, 142650660
200, 17021, 1633, 3470, 3957, 1351298, 214390, 136777615
200, 17041, 1654, 3590, 3830, 1253324, 265290, 134618781
200, 17061, 1462, 3581, 3885, 1174276, 279161, 133695462
200, 17081, 1432, 3591, 3962, 1166102, 274333, 138091072
200, 17101, 1416, 3825, 4136, 1149540, 361083, 156176833
200, 17121, 1311, 3555, 4140, 1671562, 369846, 187709750
200, 17141, 1558, 3667, 4145, 1432776, 327334, 161091795
200, 17161, 1461, 3878, 4151, 1268169, 306331, 172773362
200, 17181, 1490, 3853, 3968, 1310763, 339442, 150322880
200, 17201, 1399, 3747, 4167, 1435890, 252991, 149695822
200, 17221, 1640, 3809, 4097, 1195657, 331168, 141854184
200, 17241, 1541, 3697, 4130, 1781731, 306574, 178670659
200, 17261, 1503, 3862, 4189, 1329951, 352319, 150201527
200, 17281, 1575, 3997, 4164, 1474615, 339172, 152616328
200, 17301, 1385, 3802, 4309, 1173086, 306574, 143199028
200, 17321, 1575, 3784, 4269, 1208765, 323160, 143376394
200, 17341, 1825, 4024, 4323, 1188980, 344569, 141351131
200, 17361, 1451, 3905, 4288, 1192509, 321366, 142179832
200, 17381, 1699, 3992, 4493, 1609668, 274098, 145906423
200, 17401, 1545, 3947, 4461, 1316063, 331704, 146520999
200, 17421, 1589, 4136, 4592, 2120244, 400978, 149873794
200, 17441, 1766, 4108, 4559, 1310840, 342696, 143283809
200, 17461, 1742, 4361, 4598, 1175548, 460750, 141194907
200, 17481, 1617, 4278, 4555, 1236496, 353138, 140766588
200, 17501, 1478, 4088, 4615, 1205524, 379689, 139932326
200, 17521, 1499, 3710, 4518, 1168239, 284026, 142849544
200, 17541, 1787, 4333, 4524, 1193470, 368802, 141428120
200, 17561, 1831, 4029, 4621, 1176658, 316282, 141701075
200, 17581, 1616, 4120, 4604, 1248660, 381424, 144090671
200, 17601, 1734, 4460, 4666, 1181454, 404107, 144711727
200, 17621, 1603, 4082, 4983, 1223675, 349505, 142001009
200, 17641, 2028, 4221, 4761, 1248002, 350449, 141731265
200, 17661, 1779, 4430, 4756, 1188308, 405481, 142038999
200, 17681, 1723, 4667, 4936, 1187297, 520112, 144989454
200, 17701, 1769, 4375, 4776, 1204373, 406459, 142540827
200, 17721, 1565, 4443, 4712, 1467657, 409145, 141292482
200, 17741, 1459, 4367, 4840, 1189871, 372679, 142165362
200, 17761, 2021, 4763, 4932, 1197637, 456551, 143112806
200, 17781, 2120, 4713, 4928, 1203486, 459086, 143383827
200, 17801, 1733, 4532, 4804, 1224457, 440113, 142973126
200, 17821, 1635, 4792, 5037, 1197157, 481451, 143736453
200, 17841, 1763, 4504, 5046, 1219285, 432107, 146645964
200, 17861, 1677, 4507, 5052, 1267795, 394623, 144193646
200, 17881, 1835, 4718, 5148, 1216778, 411650, 146395020
200, 17901, 2138, 5109, 5108, 1281338, 525796, 145823427
200, 17921, 1769, 4720, 5252, 1214466, 472726, 148536374
200, 17941, 2128, 4841, 5282, 1248863, 472996, 146049508
200, 17961, 2147, 4942, 5237, 1225063, 461820, 148478235
200, 17981, 1711, 4951, 5151, 1208385, 611116, 145100030
200, 18001, 1920, 4684, 5250, 1258055, 416944, 148087318
200, 18021, 1933, 4775, 5220, 1210115, 473191, 146268939
200, 18041, 1941, 5134, 5378, 1281366, 625019, 151979083
200, 18061, 2031, 5147, 5383, 1489715, 493808, 148950949
200, 18081, 2114, 5209, 5278, 1310758, 560194, 150706135
200, 18101, 2085, 5162, 5539, 1229217, 602641, 151283090
200, 18121, 1790, 5275, 5471, 1246184, 639064, 153400307
200, 18141, 2112, 5248, 5609, 1254262, 609521, 151729096
200, 18161, 2098, 5250, 5626, 1443797, 476706, 150986856
200, 18181, 1991, 5047, 5610, 1242879, 575949, 151321228
200, 18201, 2049, 4984, 5844, 1294677, 523344, 156709649
200, 18221, 1927, 5519, 5732, 1242392, 571271, 153440523
200, 18241, 2109, 5515, 5782, 1257287, 662508, 154348564
200, 18261, 2436, 5558, 5772, 1372815, 617517, 153556519
200, 18281, 1983, 5327, 5830, 1257738, 586002, 155362371
200, 18301, 2130, 5420, 5899, 1255524, 631865, 154044750
200, 18321, 1930, 5585, 5897, 1398435, 661229, 155832411
200, 18341, 2457, 5623, 6096, 1268919, 677781, 156441507
200, 18361, 2235, 5527, 5966, 1419920, 574387, 154382405
200, 18381, 2390, 5623, 6027, 1657331, 590321, 153277754
200, 18401, 2415, 5594, 6209, 1451544, 596561, 156041551
200, 18421, 2201, 5692, 6158, 1846337, 653734, 155458299
200, 18441, 2331, 5857, 6099, 1392599, 687483, 157883333
200, 18461, 2304, 6060, 6234, 1324161, 795942, 158036024
200, 18481, 2244, 5776, 6270, 1321804, 593511, 156492140
200, 18501, 2298, 5927, 6483, 1433700, 711545, 158262000
200, 18521, 2388, 5777, 6256, 1894309, 675344, 168369769
200, 18541, 2071, 6102, 6611, 1265418, 852130, 159080613
200, 18561, 2541, 6263, 6410, 1282939, 815073, 159207801
200, 18581, 2415, 5941, 6445, 1293684, 729959, 161512399
200, 18601, 2668, 6323, 6627, 1390701, 771224, 160399684
200, 18621, 2529, 6175, 6689, 1279985, 762543, 160636536
200, 18641, 2381, 6372, 6723, 1377603, 773542, 158261008
200, 18661, 2651, 6266, 6736, 1518565, 845333, 162903218
200, 18681, 2051, 6583, 6714, 1284801, 879348, 161785990
200, 18701, 2541, 6240, 6694, 1300274, 699589, 161659371
200, 18721, 2374, 6708, 7019, 1654772, 955263, 169790080
200, 18741, 2202, 6664, 6856, 1812669, 942658, 162958290
200, 18761, 3149, 6586, 7017, 1451951, 930029, 166913051
200, 18781, 2331, 6844, 6978, 1730936, 1026184, 163604945
200, 18801, 2321, 6752, 7165, 1701632, 1017886, 169515781
200, 18821, 2594, 6829, 7156, 1695884, 996824, 166363614
200, 18841, 3235, 6879, 7189, 1415286, 1007571, 171325462
200, 18861, 2957, 6916, 7196, 1820134, 1105214, 169103632
200, 18881, 2954, 7109, 7443, 1741445, 1182911, 169763252
200, 18901, 2991, 7134, 7401, 2536072, 1158793, 178321844
200, 18921, 3677, 7328, 7622, 1755369, 1038827, 170114831
200, 18941, 2799, 7168, 7479, 2197390, 1399540, 168574109
200, 18961, 2907, 7462, 7617, 1874645, 1276436, 171806213
200, 18981, 3056, 7203, 7601, 1545734, 1064014, 172888859
200, 19001, 3058, 7552, 7726, 1691425, 1314137, 176505550
200, 19021, 3245, 7338, 7653, 1749436, 1136140, 171372714
200, 19041, 3131, 7540, 7806, 1651111, 1337388, 176393517
200, 19061, 2872, 7621, 8059, 1377935, 1376795, 175458127
200, 19081, 2971, 7623, 7853, 1444140, 1280808, 175965852
200, 19101, 3073, 7773, 8100, 1828263, 1507600, 185725869
200, 19121, 2681, 7794, 8240, 2944037, 1458054, 242846246
200, 19141, 3715, 8148, 8302, 3420605, 1732233, 258295583
200, 19161, 3119, 8091, 8335, 2984152, 1423300, 225278152
200, 19181, 3216, 8224, 8409, 2656563, 1718477, 206307122
200, 19201, 3267, 8119, 8546, 1716590, 1751979, 211667685
200, 19221, 3139, 8311, 8550, 1628777, 1761822, 234217988
200, 19241, 4391, 8426, 8649, 2922966, 1531562, 216590690
200, 19261, 3090, 8454, 8806, 1386176, 2005243, 196553589
200, 19281, 3772, 8503, 8782, 1463573, 1876421, 197599278
200, 19301, 4061, 8877, 9007, 1419579, 1972941, 193497190
200, 19321, 3688, 8691, 8937, 1436022, 1924922, 190583400
200, 19341, 3444, 8706, 8972, 1432520, 1761251, 191480976
200, 19361, 4130, 8854, 9000, 1451809, 2050870, 195914326
200, 19381, 4114, 8977, 9179, 1486959, 2070909, 197534309
200, 19401, 4498, 9194, 9342, 1418029, 2452026, 201186697
200, 19421, 4612, 9080, 9264, 1450522, 2222299, 205013399
200, 19441, 4008, 9221, 9399, 1429252, 2580150, 203430926
200, 19461, 5039, 9346, 9479, 1438435, 2683262, 207998542
200, 19481, 5214, 9381, 9444, 1409539, 2671937, 203285463
200, 19501, 5502, 9573, 9647, 1482264, 3091812, 213262269
200, 19521, 5125, 9606, 9661, 1420933, 2914754, 207015025
200, 19541, 5155, 9609, 9670, 1401160, 3074702, 203718403
200, 19561, 4977, 9701, 9736, 1488232, 3375108, 215501229
200, 19581, 5627, 9712, 9766, 1421237, 3507270, 220245432
200, 19601, 6426, 9791, 9800, 1469856, 2825589, 209517463
200, 19621, 6553, 9790, 9809, 1559460, 2933547, 217895925
200, 19641, 6577, 9804, 9813, 1458481, 2651113, 203510935
200, 19661, 7379, 9845, 9850, 1499619, 1696698, 188275055
200, 19681, 6479, 9849, 9860, 1538416, 2276803, 214808799
200, 19701, 6792, 9866, 9886, 1779060, 2042192, 201193782
200, 19721, 7687, 9890, 9898, 1572314, 1399898, 215809484
200, 19741, 8296, 9908, 9915, 1663374, 903188, 176543243
200, 19761, 8632, 9928, 9944, 1831473, 646886, 164750402
200, 19781, 9252, 9947, 9954, 2159358, 313882, 158920126
200, 19801, 9859, 9972, 9975, 2497685, 58333, 179571816
200, 19821, 9981, 9989, 9991, 3192932, 30213, 194372076
200, 19841, 10000, 10000, 10000, 2631685, 10611, 162435649
200, 19861, 10000, 10000, 10000, 2470678, 10932, 178840118
200, 19881, 10000, 10000, 10000, 2057730, 10759, 150388785
