n, m, fronteraHConstructiva, fronteraBLocal, fronteraGraspK5, fronteraGraspK25, fronteraGraspKN
100, 1, 1, 1, 1, 1, 1
100, 6, 1, 1, 1, 1, 1
100, 11, 2, 2, 2, 2, 2
100, 16, 2, 2, 2, 2, 2
100, 21, 3, 3, 3, 3, 3
100, 26, 3, 3, 3, 3, 3
100, 31, 3, 3, 3, 3, 3
100, 36, 4, 4, 5, 5, 4
100, 41, 4, 4, 4, 4, 4
100, 46, 4, 4, 5, 5, 5
100, 51, 4, 4, 4, 4, 4
100, 56, 5, 5, 5, 5, 5
100, 61, 5, 5, 6, 6, 5
100, 66, 5, 5, 5, 5, 5
100, 71, 7, 7, 7, 7, 7
100, 76, 7, 7, 7, 7, 7
100, 81, 7, 7, 8, 8, 8
100, 86, 6, 6, 7, 7, 7
100, 91, 8, 8, 8, 8, 8
100, 96, 7, 7, 8, 8, 8
100, 101, 8, 8, 8, 8, 8
100, 106, 10, 10, 10, 10, 10
100, 111, 8, 8, 9, 9, 9
100, 116, 9, 9, 10, 10, 10
100, 121, 10, 10, 10, 10, 10
100, 126, 9, 9, 9, 9, 9
100, 131, 11, 11, 11, 11, 10
100, 136, 13, 13, 13, 13, 13
100, 141, 11, 11, 11, 11, 11
100, 146, 11, 11, 11, 11, 11
100, 151, 11, 11, 12, 12, 12
100, 156, 12, 12, 12, 12, 12
100, 161, 11, 11, 11, 11, 11
100, 166, 15, 15, 15, 15, 14
100, 171, 14, 15, 15, 15, 14
100, 176, 14, 15, 15, 15, 14
100, 181, 11, 11, 11, 12, 11
100, 186, 14, 14, 14, 14, 14
100, 191, 14, 15, 15, 15, 14
100, 196, 15, 15, 16, 17, 14
100, 201, 17, 17, 18, 17, 15
100, 206, 19, 20, 20, 19, 19
100, 211, 17, 17, 18, 18, 16
100, 216, 17, 17, 17, 16, 16
100, 221, 16, 18, 18, 18, 16
100, 226, 18, 18, 19, 18, 17
100, 231, 15, 15, 16, 15, 15
100, 236, 15, 15, 16, 16, 15
100, 241, 19, 19, 19, 19, 18
100, 246, 17, 17, 20, 19, 18
100, 251, 19, 20, 21, 19, 19
100, 256, 19, 19, 21, 21, 19
100, 261, 19, 22, 22, 21, 19
100, 266, 23, 23, 24, 24, 22
100, 271, 21, 22, 24, 23, 21
100, 276, 20, 23, 23, 21, 23
100, 281, 21, 21, 22, 20, 21
100, 286, 22, 23, 23, 21, 21
100, 291, 23, 26, 26, 26, 24
100, 296, 22, 25, 27, 27, 25
100, 301, 23, 24, 25, 24, 23
100, 306, 21, 22, 25, 23, 24
100, 311, 24, 24, 24, 24, 22
100, 316, 27, 27, 29, 28, 28
100, 321, 28, 29, 29, 29, 27
100, 326, 23, 23, 24, 24, 23
100, 331, 22, 22, 27, 25, 26
100, 336, 22, 22, 28, 28, 28
100, 341, 28, 29, 32, 32, 31
100, 346, 22, 24, 26, 25, 24
100, 351, 26, 27, 27, 29, 27
100, 356, 23, 26, 28, 26, 26
100, 361, 27, 27, 30, 28, 29
100, 366, 28, 30, 31, 31, 31
100, 371, 26, 28, 30, 28, 27
100, 376, 23, 27, 34, 31, 28
100, 381, 26, 37, 37, 33, 31
100, 386, 30, 30, 32, 31, 29
100, 391, 32, 32, 32, 32, 31
100, 396, 27, 31, 32, 31, 31
100, 401, 31, 32, 35, 32, 32
100, 406, 31, 34, 35, 32, 32
100, 411, 30, 31, 33, 33, 33
100, 416, 32, 32, 35, 35, 33
100, 421, 31, 32, 35, 32, 33
100, 426, 29, 32, 35, 35, 33
100, 431, 28, 31, 36, 35, 31
100, 436, 30, 35, 38, 37, 35
100, 441, 31, 33, 36, 37, 37
100, 446, 30, 33, 37, 34, 33
100, 451, 32, 33, 37, 37, 37
100, 456, 36, 38, 44, 43, 41
100, 461, 33, 39, 39, 39, 37
100, 466, 33, 38, 42, 41, 39
100, 471, 39, 39, 41, 40, 39
100, 476, 32, 35, 38, 37, 38
100, 481, 36, 36, 43, 43, 40
100, 486, 32, 38, 41, 41, 39
100, 491, 40, 42, 44, 41, 39
100, 496, 38, 39, 43, 43, 41
100, 501, 34, 40, 40, 40, 40
100, 506, 41, 43, 47, 43, 45
100, 511, 35, 41, 45, 43, 42
100, 516, 37, 42, 45, 44, 44
100, 521, 40, 46, 49, 48, 47
100, 526, 39, 44, 47, 48, 45
100, 531, 39, 42, 49, 49, 42
100, 536, 35, 35, 42, 43, 41
100, 541, 40, 48, 53, 46, 48
100, 546, 38, 49, 53, 50, 51
100, 551, 39, 42, 45, 44, 44
100, 556, 39, 48, 54, 51, 49
100, 561, 37, 47, 50, 48, 48
100, 566, 38, 40, 46, 48, 46
100, 571, 35, 40, 46, 46, 45
100, 576, 44, 44, 44, 44, 44
100, 581, 43, 47, 52, 50, 47
100, 586, 44, 48, 52, 49, 48
100, 591, 48, 51, 54, 54, 54
100, 596, 43, 50, 54, 54, 48
100, 601, 39, 49, 56, 49, 49
100, 606, 49, 52, 58, 54, 53
100, 611, 39, 46, 56, 53, 51
100, 616, 44, 50, 55, 52, 50
100, 621, 38, 48, 55, 52, 51
100, 626, 43, 48, 56, 55, 53
100, 631, 41, 47, 56, 54, 51
100, 636, 46, 50, 53, 54, 50
100, 641, 44, 53, 59, 55, 55
100, 646, 49, 51, 56, 54, 54
100, 651, 43, 49, 56, 53, 54
100, 656, 51, 59, 62, 59, 58
100, 661, 53, 53, 61, 60, 55
100, 666, 59, 62, 68, 64, 63
100, 671, 49, 55, 63, 61, 54
100, 676, 56, 66, 66, 66, 65
100, 681, 48, 52, 65, 60, 58
100, 686, 47, 55, 63, 57, 58
100, 691, 51, 55, 65, 64, 56
100, 696, 50, 62, 65, 62, 59
100, 701, 47, 52, 65, 63, 61
100, 706, 53, 64, 69, 60, 61
100, 711, 57, 68, 69, 62, 59
100, 716, 57, 57, 65, 66, 60
100, 721, 56, 62, 70, 65, 64
100, 726, 54, 60, 69, 68, 63
100, 731, 56, 60, 68, 67, 58
100, 736, 53, 63, 71, 68, 68
100, 741, 54, 58, 66, 63, 64
100, 746, 52, 59, 69, 67, 62
100, 751, 55, 63, 71, 71, 65
100, 756, 55, 72, 73, 68, 64
100, 761, 54, 70, 72, 74, 70
100, 766, 47, 49, 75, 67, 67
100, 771, 52, 58, 73, 70, 67
100, 776, 53, 67, 74, 76, 71
100, 781, 59, 63, 73, 66, 66
100, 786, 61, 65, 77, 67, 68
100, 791, 58, 61, 70, 70, 67
100, 796, 48, 57, 72, 72, 66
100, 801, 55, 65, 78, 74, 73
100, 806, 66, 75, 79, 79, 77
100, 811, 61, 70, 75, 69, 68
100, 816, 61, 65, 82, 77, 72
100, 821, 65, 69, 81, 77, 73
100, 826, 72, 83, 91, 85, 84
100, 831, 60, 69, 82, 78, 76
100, 836, 57, 69, 84, 79, 79
100, 841, 64, 74, 79, 78, 79
100, 846, 69, 74, 87, 83, 79
100, 851, 64, 75, 82, 81, 81
100, 856, 58, 70, 78, 75, 74
100, 861, 68, 77, 90, 82, 81
100, 866, 56, 68, 82, 77, 77
100, 871, 62, 66, 83, 77, 82
100, 876, 65, 74, 80, 73, 74
100, 881, 62, 70, 86, 84, 81
100, 886, 67, 81, 89, 84, 80
100, 891, 79, 85, 90, 84, 79
100, 896, 61, 75, 84, 81, 73
100, 901, 67, 79, 92, 90, 87
100, 906, 63, 82, 92, 82, 82
100, 911, 58, 69, 90, 83, 85
100, 916, 65, 75, 89, 85, 85
100, 921, 72, 87, 92, 89, 85
100, 926, 76, 83, 97, 86, 90
100, 931, 62, 66, 86, 84, 78
100, 936, 68, 83, 95, 90, 88
100, 941, 65, 69, 90, 87, 87
100, 946, 68, 78, 99, 96, 88
100, 951, 61, 78, 89, 93, 83
100, 956, 67, 81, 97, 89, 84
100, 961, 63, 73, 91, 86, 88
100, 966, 69, 80, 98, 93, 94
100, 971, 67, 80, 99, 92, 85
100, 976, 69, 84, 93, 92, 90
100, 981, 76, 93, 99, 92, 87
100, 986, 70, 84, 97, 91, 88
100, 991, 68, 73, 94, 97, 94
100, 996, 75, 94, 96, 95, 95
100, 1001, 78, 92, 98, 94, 91
100, 1006, 68, 83, 100, 93, 98
100, 1011, 76, 93, 101, 94, 95
100, 1016, 77, 87, 98, 102, 98
100, 1021, 74, 85, 102, 94, 90
100, 1026, 81, 98, 115, 110, 98
100, 1031, 82, 96, 102, 101, 103
100, 1036, 82, 97, 107, 98, 107
100, 1041, 73, 92, 109, 103, 102
100, 1046, 75, 93, 99, 97, 101
100, 1051, 69, 87, 106, 100, 102
100, 1056, 72, 85, 114, 107, 108
100, 1061, 78, 100, 111, 104, 101
100, 1066, 79, 79, 107, 98, 108
100, 1071, 77, 89, 111, 105, 104
100, 1076, 79, 98, 112, 108, 110
100, 1081, 75, 84, 116, 112, 104
100, 1086, 81, 91, 116, 109, 106
100, 1091, 78, 92, 114, 107, 102
100, 1096, 77, 92, 114, 107, 104
100, 1101, 77, 95, 113, 111, 109
100, 1106, 76, 92, 122, 108, 101
100, 1111, 82, 107, 114, 112, 114
100, 1116, 82, 99, 116, 116, 110
100, 1121, 77, 93, 115, 110, 113
100, 1126, 76, 88, 118, 117, 109
100, 1131, 80, 110, 121, 122, 115
100, 1136, 90, 97, 109, 115, 108
100, 1141, 83, 97, 116, 109, 111
100, 1146, 101, 111, 124, 118, 113
100, 1151, 81, 98, 117, 114, 115
100, 1156, 89, 101, 120, 115, 111
100, 1161, 75, 110, 125, 118, 114
100, 1166, 74, 107, 122, 118, 113
100, 1171, 84, 113, 120, 117, 120
100, 1176, 105, 119, 132, 128, 120
100, 1181, 92, 104, 127, 128, 113
100, 1186, 79, 118, 132, 122, 120
100, 1191, 83, 100, 123, 119, 118
100, 1196, 91, 95, 124, 128, 117
100, 1201, 86, 113, 130, 126, 118
100, 1206, 98, 115, 128, 126, 117
100, 1211, 86, 103, 129, 131, 127
100, 1216, 85, 106, 123, 125, 118
100, 1221, 94, 106, 130, 126, 127
100, 1226, 91, 104, 132, 118, 123
100, 1231, 92, 106, 139, 131, 127
100, 1236, 82, 88, 132, 124, 131
100, 1241, 92, 126, 143, 130, 130
100, 1246, 111, 116, 138, 133, 125
100, 1251, 109, 133, 144, 130, 130
100, 1256, 96, 118, 143, 140, 134
100, 1261, 98, 126, 139, 131, 131
100, 1266, 101, 120, 142, 138, 124
100, 1271, 109, 136, 146, 143, 135
100, 1276, 91, 119, 137, 131, 128
100, 1281, 98, 130, 137, 137, 129
100, 1286, 96, 121, 143, 142, 125
100, 1291, 97, 118, 133, 139, 128
100, 1296, 110, 125, 141, 147, 143
100, 1301, 95, 109, 142, 133, 133
100, 1306, 104, 118, 145, 140, 131
100, 1311, 87, 126, 145, 142, 136
100, 1316, 95, 125, 153, 149, 141
100, 1321, 94, 113, 153, 146, 150
100, 1326, 97, 124, 142, 133, 130
100, 1331, 118, 143, 158, 147, 135
100, 1336, 99, 144, 149, 139, 140
100, 1341, 89, 123, 148, 146, 137
100, 1346, 103, 144, 174, 174, 156
100, 1351, 100, 127, 165, 155, 148
100, 1356, 106, 139, 155, 149, 148
100, 1361, 112, 129, 156, 141, 137
100, 1366, 102, 137, 153, 153, 151
100, 1371, 103, 126, 143, 150, 145
100, 1376, 98, 119, 154, 151, 144
100, 1381, 98, 147, 156, 156, 149
100, 1386, 111, 147, 159, 156, 154
100, 1391, 124, 131, 167, 147, 151
100, 1396, 112, 127, 153, 145, 143
100, 1401, 108, 142, 162, 156, 149
100, 1406, 107, 144, 167, 157, 145
100, 1411, 109, 117, 174, 154, 147
100, 1416, 106, 135, 161, 159, 154
100, 1421, 102, 135, 168, 168, 154
100, 1426, 112, 156, 168, 161, 154
100, 1431, 109, 133, 180, 179, 159
100, 1436, 101, 140, 171, 164, 161
100, 1441, 112, 134, 173, 172, 154
100, 1446, 103, 133, 177, 162, 160
100, 1451, 105, 138, 164, 161, 159
100, 1456, 128, 156, 186, 163, 155
100, 1461, 112, 144, 164, 162, 156
100, 1466, 117, 153, 173, 181, 165
100, 1471, 96, 139, 175, 162, 155
100, 1476, 98, 116, 169, 158, 153
100, 1481, 123, 144, 181, 171, 161
100, 1486, 110, 159, 176, 174, 164
100, 1491, 130, 165, 175, 177, 171
100, 1496, 120, 157, 181, 165, 164
100, 1501, 127, 157, 176, 171, 161
100, 1506, 110, 142, 183, 183, 168
100, 1511, 114, 141, 193, 182, 172
100, 1516, 119, 133, 188, 179, 171
100, 1521, 123, 174, 181, 180, 162
100, 1526, 138, 164, 180, 176, 168
100, 1531, 121, 159, 188, 186, 177
100, 1536, 129, 163, 193, 176, 185
100, 1541, 112, 155, 189, 175, 179
100, 1546, 114, 153, 195, 187, 177
100, 1551, 123, 141, 186, 168, 175
100, 1556, 129, 184, 196, 192, 185
100, 1561, 105, 156, 182, 184, 175
100, 1566, 132, 132, 184, 178, 171
100, 1571, 126, 177, 203, 189, 169
100, 1576, 113, 168, 201, 175, 185
100, 1581, 124, 168, 189, 192, 187
100, 1586, 122, 159, 197, 175, 187
100, 1591, 118, 154, 177, 180, 177
100, 1596, 120, 138, 199, 181, 184
100, 1601, 119, 172, 205, 195, 192
100, 1606, 132, 152, 192, 182, 194
100, 1611, 129, 178, 202, 175, 175
100, 1616, 123, 156, 197, 190, 180
100, 1621, 149, 193, 204, 194, 192
100, 1626, 128, 168, 201, 194, 190
100, 1631, 117, 169, 199, 185, 186
100, 1636, 128, 153, 201, 194, 179
100, 1641, 117, 168, 197, 197, 180
100, 1646, 134, 167, 202, 204, 188
100, 1651, 143, 196, 211, 200, 200
100, 1656, 127, 165, 205, 197, 194
100, 1661, 128, 182, 205, 199, 189
100, 1666, 142, 176, 200, 193, 191
100, 1671, 127, 172, 198, 188, 187
100, 1676, 120, 197, 216, 210, 196
100, 1681, 138, 196, 209, 199, 186
100, 1686, 135, 175, 203, 203, 200
100, 1691, 140, 187, 216, 207, 205
100, 1696, 138, 165, 210, 208, 199
100, 1701, 134, 201, 230, 223, 206
100, 1706, 130, 193, 210, 215, 209
100, 1711, 135, 186, 211, 205, 190
100, 1716, 149, 175, 223, 207, 198
100, 1721, 123, 151, 228, 221, 213
100, 1726, 155, 193, 212, 207, 202
100, 1731, 137, 186, 222, 209, 208
100, 1736, 147, 185, 209, 205, 203
100, 1741, 131, 187, 226, 211, 220
100, 1746, 126, 199, 229, 215, 209
100, 1751, 129, 203, 223, 202, 211
100, 1756, 137, 197, 228, 213, 208
100, 1761, 137, 196, 218, 207, 211
100, 1766, 157, 177, 234, 225, 202
100, 1771, 135, 204, 241, 233, 221
100, 1776, 139, 219, 247, 222, 224
100, 1781, 147, 191, 229, 221, 231
100, 1786, 121, 196, 230, 230, 219
100, 1791, 150, 169, 221, 220, 208
100, 1796, 136, 189, 234, 229, 217
100, 1801, 126, 216, 244, 227, 221
100, 1806, 135, 188, 232, 221, 216
100, 1811, 145, 166, 254, 242, 223
100, 1816, 135, 196, 224, 227, 214
100, 1821, 139, 191, 256, 243, 216
100, 1826, 136, 199, 252, 229, 233
100, 1831, 151, 180, 245, 238, 237
100, 1836, 146, 190, 233, 228, 218
100, 1841, 132, 191, 238, 233, 230
100, 1846, 160, 224, 256, 257, 242
100, 1851, 138, 190, 234, 225, 226
100, 1856, 153, 187, 245, 233, 226
100, 1861, 144, 189, 266, 240, 244
100, 1866, 144, 184, 228, 231, 216
100, 1871, 145, 219, 249, 242, 222
100, 1876, 146, 179, 255, 240, 226
100, 1881, 137, 219, 240, 243, 236
100, 1886, 156, 211, 257, 240, 231
100, 1891, 146, 194, 246, 243, 228
100, 1896, 149, 209, 243, 232, 237
100, 1901, 177, 217, 252, 235, 230
100, 1906, 153, 216, 257, 242, 252
100, 1911, 161, 227, 252, 242, 235
100, 1916, 158, 201, 267, 251, 256
100, 1921, 156, 208, 271, 266, 246
100, 1926, 174, 217, 262, 245, 242
100, 1931, 161, 190, 281, 261, 250
100, 1936, 177, 238, 268, 258, 266
100, 1941, 165, 209, 273, 253, 250
100, 1946, 144, 233, 261, 246, 245
100, 1951, 177, 238, 263, 261, 243
100, 1956, 165, 237, 287, 290, 277
100, 1961, 165, 217, 264, 247, 255
100, 1966, 175, 223, 286, 276, 261
100, 1971, 157, 243, 277, 262, 258
100, 1976, 174, 248, 258, 255, 254
100, 1981, 142, 260, 285, 275, 270
100, 1986, 166, 232, 277, 266, 263
100, 1991, 170, 224, 274, 257, 257
100, 1996, 155, 247, 281, 265, 258
100, 2001, 147, 236, 256, 268, 255
100, 2006, 148, 217, 280, 254, 261
100, 2011, 157, 224, 273, 269, 254
100, 2016, 181, 248, 303, 288, 267
100, 2021, 151, 219, 286, 267, 262
100, 2026, 157, 203, 282, 269, 253
100, 2031, 165, 206, 286, 281, 271
100, 2036, 154, 211, 290, 268, 258
100, 2041, 161, 243, 275, 267, 272
100, 2046, 147, 211, 277, 278, 269
100, 2051, 166, 226, 298, 297, 277
100, 2056, 170, 256, 303, 271, 277
100, 2061, 201, 289, 315, 304, 299
100, 2066, 174, 248, 298, 292, 274
100, 2071, 146, 206, 276, 287, 264
100, 2076, 168, 235, 315, 279, 267
100, 2081, 170, 237, 292, 287, 269
100, 2086, 179, 262, 300, 286, 300
100, 2091, 171, 244, 296, 287, 294
100, 2096, 154, 247, 307, 296, 277
100, 2101, 156, 240, 302, 289, 287
100, 2106, 197, 278, 299, 296, 281
100, 2111, 153, 248, 299, 286, 306
100, 2116, 190, 258, 306, 290, 301
100, 2121, 166, 251, 312, 284, 279
100, 2126, 151, 239, 300, 300, 291
100, 2131, 172, 254, 317, 304, 293
100, 2136, 163, 245, 304, 290, 287
100, 2141, 185, 257, 309, 306, 290
100, 2146, 161, 188, 324, 312, 302
100, 2151, 185, 256, 303, 302, 304
100, 2156, 170, 264, 309, 302, 312
100, 2161, 188, 257, 335, 313, 294
100, 2166, 176, 269, 343, 317, 288
100, 2171, 191, 266, 318, 298, 315
100, 2176, 163, 308, 336, 329, 310
100, 2181, 183, 258, 306, 307, 292
100, 2186, 170, 287, 314, 299, 290
100, 2191, 168, 269, 321, 310, 308
100, 2196, 183, 251, 311, 309, 298
100, 2201, 177, 278, 320, 322, 304
100, 2206, 199, 267, 307, 308, 297
100, 2211, 184, 285, 340, 330, 323
100, 2216, 182, 285, 342, 324, 313
100, 2221, 233, 297, 343, 309, 306
100, 2226, 176, 251, 336, 337, 325
100, 2231, 174, 235, 316, 301, 306
100, 2236, 188, 259, 315, 308, 304
100, 2241, 172, 257, 335, 318, 317
100, 2246, 193, 279, 321, 319, 301
100, 2251, 208, 292, 341, 322, 315
100, 2256, 203, 278, 343, 321, 340
100, 2261, 194, 304, 341, 327, 305
100, 2266, 231, 309, 345, 333, 337
100, 2271, 192, 264, 334, 319, 317
100, 2276, 202, 302, 347, 314, 321
100, 2281, 182, 246, 340, 322, 319
100, 2286, 189, 302, 349, 336, 318
100, 2291, 206, 278, 339, 343, 327
100, 2296, 203, 261, 333, 329, 342
100, 2301, 206, 303, 355, 339, 327
100, 2306, 181, 257, 340, 356, 327
100, 2311, 215, 304, 361, 350, 349
100, 2316, 198, 315, 351, 332, 320
100, 2321, 197, 273, 359, 347, 344
100, 2326, 200, 300, 354, 362, 329
100, 2331, 170, 288, 367, 355, 352
100, 2336, 177, 284, 364, 336, 332
100, 2341, 187, 322, 360, 342, 345
100, 2346, 230, 326, 364, 349, 341
100, 2351, 183, 283, 362, 357, 344
100, 2356, 217, 332, 369, 362, 362
100, 2361, 206, 316, 381, 351, 347
100, 2366, 244, 322, 388, 348, 369
100, 2371, 230, 303, 368, 381, 339
100, 2376, 189, 313, 372, 361, 343
100, 2381, 224, 341, 387, 360, 362
100, 2386, 198, 301, 352, 364, 355
100, 2391, 199, 364, 373, 373, 352
100, 2396, 261, 361, 402, 369, 357
100, 2401, 210, 298, 377, 365, 368
100, 2406, 203, 322, 377, 361, 347
100, 2411, 229, 326, 392, 358, 344
100, 2416, 199, 332, 426, 407, 384
100, 2421, 231, 310, 398, 392, 373
100, 2426, 227, 305, 390, 378, 366
100, 2431, 231, 348, 408, 405, 392
100, 2436, 200, 312, 395, 400, 385
100, 2441, 220, 343, 405, 375, 368
100, 2446, 194, 296, 387, 370, 351
100, 2451, 226, 306, 390, 380, 353
100, 2456, 205, 314, 406, 390, 345
100, 2461, 206, 334, 394, 385, 386
100, 2466, 208, 315, 407, 395, 380
100, 2471, 207, 327, 388, 363, 359
100, 2476, 226, 358, 389, 381, 377
100, 2481, 229, 336, 417, 398, 385
100, 2486, 196, 320, 400, 385, 370
100, 2491, 228, 335, 389, 382, 375
100, 2496, 225, 361, 433, 403, 400
100, 2501, 209, 347, 405, 394, 378
100, 2506, 198, 355, 405, 398, 383
100, 2511, 195, 290, 413, 393, 381
100, 2516, 243, 341, 439, 414, 404
100, 2521, 217, 324, 417, 394, 376
100, 2526, 217, 352, 447, 414, 397
100, 2531, 236, 374, 446, 417, 387
100, 2536, 226, 313, 408, 415, 396
100, 2541, 214, 416, 443, 394, 395
100, 2546, 213, 349, 433, 432, 412
100, 2551, 246, 367, 425, 392, 401
100, 2556, 221, 350, 432, 420, 388
100, 2561, 232, 358, 397, 417, 382
100, 2566, 218, 319, 407, 412, 390
100, 2571, 217, 328, 414, 400, 407
100, 2576, 202, 380, 440, 410, 411
100, 2581, 212, 401, 443, 413, 398
100, 2586, 232, 353, 425, 418, 402
100, 2591, 233, 350, 428, 409, 405
100, 2596, 254, 383, 459, 425, 408
100, 2601, 243, 400, 439, 410, 430
100, 2606, 209, 378, 444, 430, 429
100, 2611, 214, 334, 433, 422, 418
100, 2616, 234, 377, 443, 439, 422
100, 2621, 256, 343, 442, 402, 408
100, 2626, 241, 356, 413, 424, 410
100, 2631, 239, 354, 432, 413, 410
100, 2636, 213, 364, 456, 421, 415
100, 2641, 259, 379, 447, 430, 455
100, 2646, 234, 378, 432, 430, 432
100, 2651, 224, 377, 473, 453, 431
100, 2656, 226, 372, 453, 463, 453
100, 2661, 252, 405, 463, 436, 408
100, 2666, 286, 390, 482, 448, 440
100, 2671, 243, 378, 481, 456, 439
100, 2676, 265, 416, 477, 470, 435
100, 2681, 234, 391, 474, 478, 450
100, 2686, 222, 373, 471, 430, 425
100, 2691, 244, 398, 472, 451, 432
100, 2696, 253, 417, 467, 453, 448
100, 2701, 218, 422, 499, 489, 460
100, 2706, 232, 396, 484, 469, 442
100, 2711, 253, 388, 481, 460, 441
100, 2716, 269, 403, 483, 479, 467
100, 2721, 274, 378, 479, 470, 430
100, 2726, 211, 394, 475, 457, 467
100, 2731, 246, 406, 483, 471, 464
100, 2736, 265, 439, 504, 484, 446
100, 2741, 238, 366, 489, 466, 470
100, 2746, 240, 381, 487, 471, 487
100, 2751, 278, 438, 500, 474, 475
100, 2756, 254, 367, 483, 479, 475
100, 2761, 227, 334, 489, 482, 466
100, 2766, 307, 440, 509, 483, 495
100, 2771, 260, 431, 492, 478, 469
100, 2776, 235, 407, 505, 478, 463
100, 2781, 280, 402, 515, 488, 482
100, 2786, 302, 450, 532, 502, 501
100, 2791, 252, 416, 526, 491, 506
100, 2796, 243, 444, 492, 487, 478
100, 2801, 257, 410, 515, 487, 481
100, 2806, 256, 442, 490, 480, 485
100, 2811, 235, 420, 518, 506, 482
100, 2816, 252, 404, 516, 522, 477
100, 2821, 236, 428, 504, 507, 521
100, 2826, 303, 414, 540, 500, 491
100, 2831, 238, 406, 493, 510, 478
100, 2836, 245, 401, 519, 523, 497
100, 2841, 270, 426, 543, 508, 489
100, 2846, 269, 444, 514, 519, 477
100, 2851, 263, 435, 523, 528, 488
100, 2856, 297, 441, 563, 550, 519
100, 2861, 259, 454, 535, 504, 493
100, 2866, 291, 504, 530, 508, 485
100, 2871, 285, 453, 535, 523, 500
100, 2876, 260, 412, 551, 529, 515
100, 2881, 235, 474, 520, 506, 494
100, 2886, 302, 482, 553, 564, 533
100, 2891, 298, 458, 569, 513, 517
100, 2896, 270, 462, 555, 514, 518
100, 2901, 323, 476, 560, 522, 512
100, 2906, 268, 472, 558, 513, 508
100, 2911, 266, 454, 539, 520, 523
100, 2916, 287, 440, 577, 558, 526
100, 2921, 255, 419, 547, 546, 505
100, 2926, 277, 463, 554, 524, 529
100, 2931, 274, 497, 549, 528, 527
100, 2936, 256, 450, 533, 520, 520
100, 2941, 259, 438, 558, 509, 535
100, 2946, 309, 485, 573, 554, 519
100, 2951, 278, 501, 566, 541, 503
100, 2956, 270, 532, 566, 561, 528
100, 2961, 299, 474, 610, 555, 543
100, 2966, 262, 507, 606, 576, 524
100, 2971, 280, 494, 566, 569, 553
100, 2976, 289, 452, 568, 551, 538
100, 2981, 266, 493, 576, 532, 521
100, 2986, 321, 493, 591, 583, 588
100, 2991, 321, 571, 605, 588, 551
100, 2996, 293, 496, 612, 571, 561
100, 3001, 312, 483, 593, 575, 562
100, 3006, 279, 502, 623, 609, 560
100, 3011, 380, 538, 610, 564, 560
100, 3016, 289, 498, 598, 599, 550
100, 3021, 294, 508, 611, 573, 545
100, 3026, 285, 521, 603, 562, 586
100, 3031, 296, 514, 595, 591, 559
100, 3036, 309, 554, 613, 590, 576
100, 3041, 283, 543, 591, 572, 601
100, 3046, 292, 492, 618, 585, 564
100, 3051, 315, 498, 615, 573, 606
100, 3056, 301, 497, 598, 560, 563
100, 3061, 329, 525, 658, 666, 605
100, 3066, 312, 579, 658, 617, 602
100, 3071, 270, 475, 619, 588, 578
100, 3076, 306, 557, 626, 624, 583
100, 3081, 302, 542, 638, 608, 579
100, 3086, 313, 538, 630, 609, 603
100, 3091, 340, 555, 630, 605, 585
100, 3096, 336, 597, 662, 669, 610
100, 3101, 307, 554, 610, 602, 595
100, 3106, 274, 518, 612, 603, 594
100, 3111, 299, 488, 596, 613, 555
100, 3116, 321, 528, 631, 593, 570
100, 3121, 314, 551, 620, 635, 594
100, 3126, 332, 499, 643, 626, 629
100, 3131, 275, 548, 637, 603, 616
100, 3136, 293, 549, 666, 620, 610
100, 3141, 342, 566, 655, 629, 630
100, 3146, 326, 558, 674, 616, 607
100, 3151, 317, 506, 620, 630, 626
100, 3156, 346, 519, 629, 637, 590
100, 3161, 302, 496, 662, 638, 633
100, 3166, 402, 633, 666, 655, 620
100, 3171, 356, 572, 696, 669, 645
100, 3176, 316, 621, 666, 649, 620
100, 3181, 379, 613, 708, 653, 652
100, 3186, 309, 556, 649, 628, 620
100, 3191, 313, 536, 707, 663, 640
100, 3196, 312, 485, 677, 649, 643
100, 3201, 345, 532, 700, 684, 657
100, 3206, 310, 526, 670, 677, 667
100, 3211, 338, 591, 701, 667, 643
100, 3216, 322, 559, 684, 676, 644
100, 3221, 309, 584, 701, 660, 661
100, 3226, 365, 620, 709, 681, 663
100, 3231, 347, 557, 699, 721, 656
100, 3236, 345, 612, 722, 657, 656
100, 3241, 365, 573, 708, 675, 624
100, 3246, 364, 552, 710, 659, 662
100, 3251, 289, 576, 683, 686, 649
100, 3256, 325, 594, 736, 696, 668
100, 3261, 313, 562, 709, 662, 673
100, 3266, 333, 602, 709, 677, 665
100, 3271, 371, 591, 721, 697, 680
100, 3276, 389, 652, 718, 720, 681
100, 3281, 331, 652, 753, 724, 706
100, 3286, 336, 554, 707, 678, 686
100, 3291, 366, 599, 680, 678, 675
100, 3296, 340, 625, 743, 734, 680
100, 3301, 355, 599, 703, 711, 668
100, 3306, 367, 638, 787, 730, 702
100, 3311, 362, 610, 755, 714, 688
100, 3316, 366, 626, 748, 721, 687
100, 3321, 356, 598, 737, 720, 710
100, 3326, 376, 680, 747, 709, 707
100, 3331, 366, 578, 744, 719, 695
100, 3336, 369, 673, 733, 714, 721
100, 3341, 392, 720, 769, 741, 712
100, 3346, 350, 674, 786, 758, 723
100, 3351, 359, 668, 734, 737, 716
100, 3356, 360, 611, 751, 748, 752
100, 3361, 355, 577, 776, 766, 709
100, 3366, 323, 656, 753, 721, 715
100, 3371, 378, 632, 779, 739, 718
100, 3376, 377, 623, 770, 767, 720
100, 3381, 337, 678, 796, 729, 746
100, 3386, 376, 695, 803, 799, 750
100, 3391, 315, 613, 767, 784, 741
100, 3396, 363, 653, 785, 778, 736
100, 3401, 374, 614, 772, 767, 742
100, 3406, 396, 719, 849, 810, 771
100, 3411, 367, 712, 764, 739, 761
100, 3416, 382, 624, 816, 785, 765
100, 3421, 371, 706, 781, 775, 778
100, 3426, 340, 636, 786, 777, 735
100, 3431, 420, 694, 848, 779, 760
100, 3436, 363, 712, 808, 788, 780
100, 3441, 330, 679, 792, 762, 740
100, 3446, 390, 682, 782, 765, 735
100, 3451, 352, 648, 807, 785, 775
100, 3456, 419, 728, 824, 770, 771
100, 3461, 346, 574, 796, 791, 728
100, 3466, 376, 671, 808, 812, 770
100, 3471, 347, 682, 837, 838, 785
100, 3476, 325, 650, 828, 811, 783
100, 3481, 362, 704, 825, 779, 768
100, 3486, 382, 684, 859, 817, 817
100, 3491, 431, 712, 860, 788, 811
100, 3496, 383, 712, 847, 800, 812
100, 3501, 404, 717, 836, 822, 805
100, 3506, 469, 743, 822, 797, 809
100, 3511, 403, 713, 846, 817, 844
100, 3516, 461, 720, 858, 814, 810
100, 3521, 382, 769, 861, 829, 813
100, 3526, 473, 720, 860, 839, 829
100, 3531, 384, 740, 865, 805, 812
100, 3536, 427, 703, 873, 853, 823
100, 3541, 351, 769, 842, 844, 801
100, 3546, 422, 759, 880, 889, 838
100, 3551, 455, 765, 885, 869, 856
100, 3556, 482, 762, 904, 867, 884
100, 3561, 421, 730, 866, 859, 843
100, 3566, 374, 755, 924, 881, 824
100, 3571, 444, 743, 867, 869, 860
100, 3576, 504, 798, 935, 887, 894
100, 3581, 414, 736, 900, 885, 832
100, 3586, 409, 833, 900, 917, 858
100, 3591, 389, 777, 919, 884, 887
100, 3596, 495, 754, 891, 891, 866
100, 3601, 391, 797, 890, 887, 865
100, 3606, 489, 798, 899, 901, 876
100, 3611, 424, 850, 949, 906, 879
100, 3616, 517, 773, 893, 913, 873
100, 3621, 459, 799, 937, 895, 873
100, 3626, 396, 826, 943, 906, 887
100, 3631, 402, 801, 917, 866, 876
100, 3636, 476, 802, 950, 928, 881
100, 3641, 468, 824, 937, 894, 866
100, 3646, 408, 925, 967, 917, 900
100, 3651, 470, 769, 959, 935, 868
100, 3656, 435, 790, 935, 911, 853
100, 3661, 436, 809, 935, 913, 890
100, 3666, 476, 825, 909, 885, 868
100, 3671, 416, 841, 923, 942, 896
100, 3676, 461, 889, 1010, 974, 918
100, 3681, 417, 769, 965, 924, 874
100, 3686, 451, 853, 976, 958, 926
100, 3691, 503, 842, 942, 914, 900
100, 3696, 459, 761, 986, 982, 918
100, 3701, 466, 826, 962, 941, 906
100, 3706, 465, 832, 948, 944, 915
100, 3711, 457, 798, 958, 942, 936
100, 3716, 469, 900, 998, 984, 940
100, 3721, 524, 928, 1004, 968, 957
100, 3726, 518, 889, 1040, 956, 937
100, 3731, 491, 855, 972, 971, 948
100, 3736, 439, 846, 994, 968, 965
100, 3741, 466, 823, 995, 974, 951
100, 3746, 440, 869, 1018, 1002, 979
100, 3751, 559, 946, 1001, 1019, 973
100, 3756, 460, 915, 977, 1002, 937
100, 3761, 535, 905, 1054, 998, 1025
100, 3766, 435, 861, 1011, 1002, 947
100, 3771, 467, 856, 1024, 985, 946
100, 3776, 602, 918, 1068, 1059, 988
100, 3781, 432, 936, 1070, 1010, 956
100, 3786, 452, 907, 1083, 1045, 989
100, 3791, 444, 818, 1031, 998, 991
100, 3796, 488, 935, 1081, 1052, 1022
100, 3801, 453, 843, 1024, 994, 984
100, 3806, 474, 895, 1022, 1003, 998
100, 3811, 536, 915, 1095, 1046, 1010
100, 3816, 465, 839, 1056, 1024, 1016
100, 3821, 500, 953, 1052, 1032, 1003
100, 3826, 465, 866, 1079, 1032, 1010
100, 3831, 514, 1004, 1134, 1114, 1038
100, 3836, 489, 965, 1070, 1025, 1023
100, 3841, 432, 978, 1102, 1046, 1095
100, 3846, 454, 892, 1104, 1068, 1051
100, 3851, 522, 889, 1092, 1079, 1016
100, 3856, 435, 906, 1053, 1058, 987
100, 3861, 499, 907, 1152, 1109, 1053
100, 3866, 457, 938, 1124, 1081, 1059
100, 3871, 462, 953, 1142, 1084, 1051
100, 3876, 577, 1035, 1148, 1083, 1045
100, 3881, 469, 1012, 1162, 1101, 1089
100, 3886, 523, 1121, 1149, 1151, 1078
100, 3891, 509, 978, 1088, 1058, 1045
100, 3896, 471, 1057, 1107, 1114, 1075
100, 3901, 444, 1036, 1124, 1135, 1100
100, 3906, 505, 934, 1101, 1131, 1085
100, 3911, 420, 1004, 1153, 1138, 1069
100, 3916, 470, 990, 1169, 1119, 1108
100, 3921, 504, 1046, 1175, 1117, 1071
100, 3926, 527, 1058, 1172, 1139, 1128
100, 3931, 441, 939, 1205, 1147, 1087
100, 3936, 436, 915, 1181, 1136, 1104
100, 3941, 577, 967, 1165, 1167, 1125
100, 3946, 500, 1033, 1165, 1130, 1099
100, 3951, 562, 1010, 1131, 1141, 1098
100, 3956, 480, 1050, 1201, 1184, 1118
100, 3961, 465, 1021, 1170, 1169, 1149
100, 3966, 545, 1082, 1178, 1162, 1161
100, 3971, 534, 1081, 1195, 1145, 1110
100, 3976, 642, 1107, 1231, 1224, 1165
100, 3981, 532, 1146, 1214, 1186, 1165
100, 3986, 638, 1081, 1229, 1214, 1180
100, 3991, 529, 1108, 1236, 1208, 1146
100, 3996, 505, 1001, 1252, 1200, 1129
100, 4001, 646, 1084, 1271, 1229, 1185
100, 4006, 559, 1122, 1218, 1199, 1173
100, 4011, 681, 1051, 1205, 1171, 1134
100, 4016, 548, 1027, 1212, 1200, 1184
100, 4021, 612, 1119, 1260, 1246, 1201
100, 4026, 680, 1156, 1295, 1220, 1238
100, 4031, 567, 1069, 1238, 1232, 1201
100, 4036, 516, 1044, 1211, 1250, 1199
100, 4041, 529, 1172, 1271, 1216, 1215
100, 4046, 752, 1185, 1263, 1232, 1196
100, 4051, 583, 1186, 1275, 1262, 1241
100, 4056, 485, 1184, 1271, 1279, 1260
100, 4061, 526, 1144, 1267, 1264, 1226
100, 4066, 629, 1125, 1301, 1257, 1233
100, 4071, 491, 1144, 1331, 1265, 1254
100, 4076, 584, 1114, 1300, 1266, 1227
100, 4081, 643, 1144, 1328, 1269, 1274
100, 4086, 496, 1170, 1328, 1324, 1248
100, 4091, 637, 1055, 1306, 1279, 1262
100, 4096, 606, 1215, 1328, 1301, 1314
100, 4101, 596, 1185, 1375, 1344, 1320
100, 4106, 596, 1283, 1383, 1309, 1298
100, 4111, 692, 1305, 1354, 1361, 1277
100, 4116, 530, 1206, 1380, 1354, 1304
100, 4121, 693, 1300, 1403, 1374, 1328
100, 4126, 559, 1192, 1393, 1306, 1346
100, 4131, 581, 1250, 1423, 1359, 1328
100, 4136, 676, 1331, 1393, 1414, 1335
100, 4141, 583, 1168, 1401, 1329, 1296
100, 4146, 603, 1178, 1386, 1351, 1319
100, 4151, 714, 1272, 1371, 1360, 1335
100, 4156, 624, 1262, 1400, 1384, 1332
100, 4161, 708, 1198, 1385, 1368, 1336
100, 4166, 667, 1209, 1412, 1362, 1336
100, 4171, 617, 1227, 1394, 1371, 1337
100, 4176, 508, 1283, 1441, 1431, 1349
100, 4181, 641, 1297, 1402, 1360, 1383
100, 4186, 523, 1263, 1431, 1361, 1368
100, 4191, 683, 1369, 1465, 1445, 1360
100, 4196, 710, 1379, 1456, 1437, 1358
100, 4201, 718, 1264, 1395, 1373, 1332
100, 4206, 653, 1227, 1432, 1415, 1381
100, 4211, 656, 1248, 1464, 1421, 1379
100, 4216, 738, 1321, 1496, 1475, 1439
100, 4221, 594, 1265, 1448, 1461, 1405
100, 4226, 619, 1272, 1444, 1428, 1385
100, 4231, 766, 1302, 1559, 1548, 1471
100, 4236, 664, 1392, 1520, 1523, 1459
100, 4241, 588, 1260, 1477, 1464, 1395
100, 4246, 716, 1401, 1535, 1540, 1459
100, 4251, 597, 1305, 1490, 1451, 1405
100, 4256, 822, 1405, 1571, 1552, 1489
100, 4261, 692, 1345, 1525, 1511, 1427
100, 4266, 730, 1466, 1564, 1512, 1487
100, 4271, 731, 1342, 1559, 1555, 1507
100, 4276, 659, 1446, 1592, 1623, 1501
100, 4281, 717, 1454, 1563, 1544, 1488
100, 4286, 736, 1447, 1601, 1572, 1453
100, 4291, 637, 1378, 1557, 1524, 1529
100, 4296, 744, 1418, 1604, 1579, 1517
100, 4301, 761, 1420, 1622, 1590, 1511
100, 4306, 759, 1463, 1640, 1634, 1558
100, 4311, 875, 1438, 1624, 1620, 1534
100, 4316, 869, 1559, 1652, 1620, 1582
100, 4321, 699, 1513, 1609, 1568, 1561
100, 4326, 767, 1483, 1612, 1595, 1584
100, 4331, 900, 1471, 1617, 1612, 1566
100, 4336, 865, 1548, 1661, 1648, 1578
100, 4341, 801, 1480, 1638, 1652, 1603
100, 4346, 822, 1423, 1670, 1637, 1559
100, 4351, 768, 1564, 1677, 1660, 1588
100, 4356, 775, 1538, 1659, 1630, 1607
100, 4361, 753, 1578, 1756, 1712, 1627
100, 4366, 854, 1573, 1666, 1625, 1603
100, 4371, 685, 1607, 1695, 1706, 1637
100, 4376, 712, 1528, 1687, 1699, 1624
100, 4381, 777, 1520, 1644, 1655, 1629
100, 4386, 773, 1571, 1715, 1672, 1655
100, 4391, 721, 1508, 1696, 1657, 1634
100, 4396, 734, 1504, 1735, 1710, 1651
100, 4401, 760, 1605, 1714, 1699, 1657
100, 4406, 741, 1619, 1785, 1738, 1694
100, 4411, 822, 1605, 1725, 1709, 1674
100, 4416, 777, 1679, 1776, 1790, 1726
100, 4421, 746, 1560, 1728, 1684, 1635
100, 4426, 796, 1642, 1767, 1750, 1729
100, 4431, 982, 1728, 1824, 1822, 1754
100, 4436, 713, 1622, 1754, 1760, 1691
100, 4441, 971, 1673, 1815, 1805, 1738
100, 4446, 906, 1691, 1806, 1792, 1776
100, 4451, 848, 1640, 1814, 1794, 1754
100, 4456, 857, 1575, 1797, 1792, 1753
100, 4461, 830, 1699, 1804, 1761, 1780
100, 4466, 940, 1672, 1818, 1811, 1774
100, 4471, 1016, 1790, 1895, 1873, 1818
100, 4476, 737, 1661, 1817, 1827, 1793
100, 4481, 990, 1803, 1890, 1854, 1790
100, 4486, 817, 1757, 1874, 1835, 1834
100, 4491, 895, 1823, 1869, 1884, 1835
100, 4496, 1008, 1798, 1873, 1870, 1788
100, 4501, 847, 1849, 1884, 1879, 1844
100, 4506, 905, 1758, 1914, 1899, 1869
100, 4511, 915, 1817, 1938, 1928, 1890
100, 4516, 1010, 1770, 1957, 1941, 1846
100, 4521, 888, 1844, 1975, 1909, 1880
100, 4526, 1229, 1897, 1943, 1934, 1898
100, 4531, 915, 1860, 1954, 1943, 1908
100, 4536, 1013, 1768, 1948, 1932, 1918
100, 4541, 864, 1821, 1966, 1963, 1943
100, 4546, 858, 1815, 1954, 1942, 1924
100, 4551, 1018, 1877, 1993, 1996, 1977
100, 4556, 809, 1836, 2026, 1984, 1927
100, 4561, 952, 1834, 2005, 2003, 1976
100, 4566, 1056, 1961, 2049, 2062, 1995
100, 4571, 984, 1867, 2063, 2023, 2004
100, 4576, 1182, 1925, 2023, 2032, 1977
100, 4581, 912, 1850, 2028, 2034, 2015
100, 4586, 983, 1954, 2083, 2053, 2043
100, 4591, 1148, 2037, 2110, 2092, 2039
100, 4596, 1032, 1915, 2083, 2042, 1984
100, 4601, 961, 2003, 2091, 2090, 1985
100, 4606, 1142, 1912, 2077, 2085, 2027
100, 4611, 1248, 2035, 2143, 2130, 2097
100, 4616, 1184, 2001, 2144, 2135, 2105
100, 4621, 1153, 2019, 2120, 2120, 2057
100, 4626, 1265, 2032, 2134, 2124, 2098
100, 4631, 1382, 2082, 2202, 2189, 2148
100, 4636, 1072, 2131, 2185, 2193, 2134
100, 4641, 1182, 2069, 2138, 2154, 2116
100, 4646, 1071, 2049, 2173, 2164, 2174
100, 4651, 1210, 2075, 2207, 2211, 2175
100, 4656, 1099, 2117, 2210, 2192, 2145
100, 4661, 1260, 2154, 2220, 2210, 2198
100, 4666, 1053, 2113, 2209, 2209, 2154
100, 4671, 1341, 2163, 2226, 2221, 2164
100, 4676, 1346, 2124, 2255, 2253, 2230
100, 4681, 1384, 2158, 2233, 2235, 2196
100, 4686, 1429, 2218, 2245, 2239, 2217
100, 4691, 1169, 2240, 2281, 2276, 2242
100, 4696, 1321, 2212, 2273, 2277, 2262
100, 4701, 1346, 2193, 2271, 2256, 2230
100, 4706, 1259, 2226, 2285, 2284, 2240
100, 4711, 1308, 2260, 2322, 2321, 2282
100, 4716, 1315, 2280, 2307, 2310, 2289
100, 4721, 1559, 2301, 2318, 2319, 2299
100, 4726, 1130, 2236, 2317, 2315, 2304
100, 4731, 1266, 2231, 2316, 2311, 2294
100, 4736, 1637, 2302, 2337, 2338, 2328
100, 4741, 1773, 2333, 2351, 2355, 2350
100, 4746, 1605, 2289, 2348, 2346, 2334
100, 4751, 1372, 2314, 2346, 2345, 2336
100, 4756, 1525, 2289, 2356, 2357, 2343
100, 4761, 1522, 2309, 2362, 2362, 2351
100, 4766, 1622, 2320, 2374, 2373, 2367
100, 4771, 1403, 2348, 2381, 2380, 2374
100, 4776, 1579, 2372, 2381, 2382, 2376
100, 4781, 1506, 2362, 2387, 2387, 2387
100, 4786, 1330, 2370, 2400, 2400, 2399
100, 4791, 1558, 2381, 2400, 2401, 2399
100, 4796, 1888, 2394, 2406, 2406, 2406
100, 4801, 1349, 2375, 2410, 2410, 2409
100, 4806, 1686, 2399, 2411, 2411, 2411
100, 4811, 1502, 2401, 2419, 2419, 2419
100, 4816, 1907, 2413, 2426, 2426, 2426
100, 4821, 1816, 2412, 2428, 2428, 2428
100, 4826, 2042, 2425, 2438, 2438, 2438
100, 4831, 1676, 2417, 2432, 2432, 2432
100, 4836, 1736, 2421, 2439, 2439, 2439
100, 4841, 2309, 2436, 2448, 2448, 2448
100, 4846, 2117, 2439, 2449, 2449, 2449
100, 4851, 2196, 2442, 2454, 2454, 2454
100, 4856, 2050, 2443, 2454, 2454, 2454
100, 4861, 2273, 2454, 2460, 2460, 2460
100, 4866, 2139, 2457, 2469, 2469, 2469
100, 4871, 2335, 2466, 2472, 2472, 2472
100, 4876, 2217, 2460, 2471, 2471, 2471
100, 4881, 2245, 2465, 2473, 2473, 2473
100, 4886, 2324, 2471, 2477, 2477, 2477
100, 4891, 2413, 2474, 2478, 2478, 2478
100, 4896, 2456, 2481, 2484, 2484, 2484
100, 4901, 2486, 2487, 2487, 2487, 2487
100, 4906, 2495, 2495, 2495, 2495, 2495
100, 4911, 2492, 2493, 2494, 2494, 2494
100, 4916, 2499, 2499, 2499, 2499, 2499
100, 4921, 2499, 2499, 2499, 2499, 2499
100, 4926, 2500, 2500, 2500, 2500, 2500
100, 4931, 2500, 2500, 2500, 2500, 2500
100, 4936, 2500, 2500, 2500, 2500, 2500
100, 4941, 2500, 2500, 2500, 2500, 2500
100, 4946, 2500, 2500, 2500, 2500, 2500
